"";"Kind_ID";"Schulbesuchsjahr";"Klassenstufe";"GB";"Alter";"Geschlecht";"SPF";"LRS";"B_2C";"B_2B";"B_1H";"B_1A";"B_1B";"B_1C";"B_1D";"B_1E";"B_1F";"B_1G";"B_1I";"B_1J";"B_2A";"B_2D";"B_2E";"B_2F";"B_2G";"B_2H";"B_2I";"B_2J";"B_3A";"B_3B";"B_3C";"B_3D";"B_3E";"B_3F";"B_3G";"B_3H";"B_3I";"B_3J";"P_1A";"P_3A";"P_4A";"P_5A";"P_6A";"P_2B";"P_4B";"P_5B";"P_1B";"P_3B";"P_6B";"P_4H";"P_3D";"P_2J";"P_2C";"P_6G";"P_4C";"P_1D";"P_5I";"P_3C";"P_4I";"P_1E";"P_4G";"P_1I";"P_3G";"P_5J";"P_2F";"P_4D";"P_1H";"P_4J";"P_6C";"P_3F";"P_4E";"P_6E";"P_2G";"S_I01";"S_I02";"S_I03";"S_I04";"S_I05";"S_I06";"S_I07";"S_I08";"S_I09";"S_I10";"S_I11";"S_I12";"S_I13";"S_I14";"S_I15";"S_I16";"S_I17";"S_I18";"S_I19";"S_I20";"S_I21";"S_I22";"S_I23";"S_I24";"S_I25";"S_I26";"S_I27";"S_I28";"S_I29";"S_I30";"S_I31";"S_I32";"S_I33";"S_I34";"S_I35";"W_I03";"W_I50";"W_I07";"W_I15";"W_I43";"W_I24";"W_I36";"W_I16";"W_I10";"W_I22";"W_I32";"W_I40";"W_I05";"W_I18";"W_I29";"W_I42";"W_I37";"W_I48";"W_I02";"W_I01";"W_I09";"W_I08";"W_I41";"W_I06";"W_I30";"W_I14";"W_I13";"W_I52";"W_I46";"W_I51";"W_I21";"W_I12";"W_I11";"W_I26";"W_I39";"W_I35";"W_I31";"W_I23";"W_I34";"W_I45";"W_I19";"W_I47";"W_I28";"W_I17";"W_I44";"W_I49";"W_I20";"W_I04";"W_I27";"W_I25";"W_I33";"W_I38";"Sum_1";"Sum_2";"Sum_3";"Sum_4";"Err_1";"Err_2";"Err_3";"Err_4";"All_1";"All_2";"All_3";"All_4"
"1";33141;4;"4";NA;9;"1";"0";"1";1;1;1;1;1;1;1;1;1;1;1;1;1;1;1;1;1;1;1;1;1;1;1;1;1;1;1;1;1;1;1;1;1;1;1;1;1;1;1;1;1;1;1;1;1;1;1;1;1;1;1;1;1;1;1;1;1;1;1;1;1;1;1;0;1;0;1;1;1;0;1;1;1;1;1;1;1;1;1;1;0;1;1;0;1;1;1;1;1;1;1;1;NA;NA;NA;NA;NA;NA;NA;NA;1;1;1;1;1;1;1;1;1;1;1;1;1;1;1;1;1;1;1;1;1;1;1;1;1;1;1;1;1;1;1;1;1;1;1;1;1;1;1;1;1;1;1;1;1;1;1;1;1;1;1;1;34;52;30;23;1;0;0;4;35;52;30;27
"2";33138;4;"4";NA;9;"1";"0";"0";1;1;1;1;1;1;1;1;1;1;1;1;1;1;1;1;1;1;1;1;1;1;1;1;1;1;1;1;1;1;0;1;1;1;0;1;1;1;1;1;1;1;1;1;1;1;1;1;0;1;1;1;1;1;0;1;1;1;1;1;1;1;1;1;0;0;1;0;1;0;1;1;1;0;1;1;1;1;0;0;0;1;1;0;0;1;1;0;0;0;1;1;1;1;0;1;0;0;0;0;1;1;1;1;0;1;1;1;1;1;1;1;1;1;1;1;0;1;1;1;1;1;1;0;1;1;1;1;1;0;1;1;1;1;1;1;1;1;1;1;1;1;1;1;1;1;1;1;1;1;1;1;30;48;30;18;5;4;0;17;35;52;30;35
"3";33142;4;"4";NA;9;"1";"0";"0";1;1;1;1;1;1;1;1;1;1;1;1;1;1;1;1;1;0;1;1;1;1;1;1;1;1;1;1;1;1;1;0;1;1;1;1;1;1;1;1;1;1;1;1;1;1;1;1;0;1;1;1;1;1;1;1;1;1;1;1;1;1;1;1;1;1;1;1;1;0;1;1;1;0;1;1;1;1;0;1;1;1;1;1;1;1;1;1;NA;NA;NA;NA;NA;NA;NA;NA;NA;NA;NA;NA;1;1;1;1;0;0;0;1;1;1;1;0;1;1;1;1;1;1;1;1;1;1;1;1;1;1;1;1;0;1;1;1;1;1;1;1;1;1;1;1;0;0;1;1;0;0;1;1;1;1;1;1;33;43;29;20;2;9;1;3;35;52;30;23
"4";33140;4;"4";NA;9;"1";"0";"0";1;1;1;1;1;1;1;0;1;1;1;1;1;1;1;1;1;0;0;1;1;1;1;1;1;1;1;1;1;1;1;0;1;1;1;1;1;1;1;1;1;1;1;1;1;1;1;1;0;1;0;0;1;1;1;1;1;1;1;1;0;1;1;1;1;0;1;1;1;0;1;1;1;1;1;1;1;1;1;1;1;1;1;1;1;1;1;1;1;1;1;1;1;1;1;NA;NA;NA;NA;NA;0;1;1;1;1;1;1;1;0;1;0;0;1;1;0;1;1;1;1;1;1;1;1;1;1;1;1;1;1;1;1;1;1;1;0;1;1;1;1;1;1;1;1;1;1;1;1;1;1;0;1;1;30;45;27;28;5;7;3;2;35;52;30;30
"5";33137;4;"4";NA;10;"1";"0";"0";1;1;1;1;1;1;1;1;1;1;1;1;1;0;1;1;1;1;1;1;1;1;1;1;1;1;1;1;1;1;1;0;1;1;1;1;1;1;1;1;1;1;1;1;1;1;1;1;0;1;1;1;0;0;1;1;1;1;1;0;1;1;1;0;NA;0;1;1;1;1;1;1;1;1;1;1;1;1;1;1;1;0;1;0;1;1;1;0;NA;NA;NA;NA;NA;NA;NA;NA;NA;NA;NA;NA;1;1;1;1;1;1;1;1;1;1;1;0;1;1;1;0;1;1;1;1;1;1;1;1;1;1;1;0;1;1;1;1;1;1;1;1;1;1;1;1;1;0;1;1;1;1;1;1;1;1;1;1;28;48;29;19;6;4;1;4;34;52;30;23
"6";33139;4;"4";NA;9;"1";"0";"0";1;1;1;1;1;1;1;1;1;1;1;1;1;0;1;1;1;1;1;1;1;1;1;1;1;1;1;1;1;1;1;0;1;1;1;1;1;1;1;0;1;1;1;0;1;1;1;1;0;1;1;1;1;1;1;1;1;1;1;1;0;1;1;1;1;1;1;1;1;0;1;1;1;1;1;1;1;0;1;1;1;1;1;1;0;1;1;1;1;1;1;1;1;1;1;1;1;1;1;0;1;1;1;1;1;1;1;0;1;1;1;1;1;1;1;0;1;1;1;1;1;1;1;1;1;1;1;1;0;1;1;1;1;1;1;1;1;0;1;1;1;1;0;1;1;0;1;0;1;1;1;1;30;45;29;31;5;7;1;4;35;52;30;35
"7";33143;4;"4";NA;9;"1";"0";"0";1;1;1;1;1;1;1;1;1;1;1;1;1;1;1;1;1;1;1;1;1;1;1;1;1;1;1;1;1;1;1;1;1;1;1;1;1;1;1;1;1;1;1;NA;NA;NA;NA;NA;NA;NA;NA;NA;NA;NA;NA;NA;NA;NA;NA;NA;NA;NA;NA;NA;NA;1;1;1;1;1;1;1;1;1;1;1;1;1;1;1;1;NA;NA;NA;NA;NA;NA;NA;NA;NA;NA;NA;NA;NA;NA;NA;NA;NA;NA;NA;NA;1;1;0;NA;NA;1;NA;NA;1;1;1;0;1;NA;NA;1;NA;1;1;0;NA;NA;1;NA;NA;NA;NA;1;NA;NA;NA;1;1;NA;NA;0;1;NA;0;1;0;NA;NA;1;1;1;1;NA;NA;1;NA;13;21;30;16;0;6;0;0;13;27;30;16
"8";33136;4;"4";NA;10;"1";"0";"0";1;1;1;1;1;1;1;1;1;1;1;0;1;1;0;1;1;1;1;1;1;1;1;1;1;1;1;1;1;1;1;0;1;1;1;1;1;1;1;1;1;1;1;1;1;1;1;1;1;1;1;1;1;1;1;1;1;1;1;1;1;1;1;1;1;1;1;1;1;0;1;1;1;1;1;1;1;1;1;1;1;1;1;1;1;1;1;1;1;1;1;1;1;1;1;1;1;1;1;0;1;1;1;1;1;1;1;1;1;1;1;0;1;1;1;1;1;1;1;1;1;1;1;1;1;1;1;1;1;1;1;1;1;1;1;1;1;1;1;1;1;1;1;1;1;1;1;1;1;1;1;1;34;51;28;33;1;1;2;2;35;52;30;35
"9";33135;5;"4";NA;10;"1";"1";"0";0;0;0;0;1;0;0;0;0;0;0;0;0;0;0;1;0;1;0;0;1;1;1;0;0;1;0;1;1;1;1;0;1;0;1;0;1;1;1;1;1;1;1;1;1;0;1;1;0;1;1;1;0;1;0;1;1;1;1;1;1;1;1;1;1;0;0;0;0;1;0;0;1;0;0;0;0;0;0;0;0;0;0;0;0;0;0;0;0;0;0;0;0;0;0;0;0;1;0;1;1;1;1;1;0;1;1;1;1;1;1;0;1;1;1;1;1;1;1;0;1;1;1;1;1;1;1;1;1;0;1;1;1;1;0;1;1;1;1;1;1;1;0;1;1;1;1;1;1;1;1;1;28;46;10;4;7;6;20;31;35;52;30;35
"10";33134;4;"4";NA;9;"1";"0";"0";1;1;1;1;1;1;1;1;1;1;1;1;1;1;1;1;1;1;1;1;1;1;1;1;1;1;1;1;1;1;1;0;0;0;0;0;1;0;1;0;0;1;1;1;1;1;1;1;0;1;1;1;0;1;1;1;1;1;1;1;1;1;1;1;NA;1;1;1;1;1;1;1;1;1;1;1;1;1;0;1;0;1;1;1;1;1;1;0;1;1;1;1;1;NA;NA;NA;NA;NA;NA;NA;1;1;1;1;1;1;1;1;1;1;1;1;1;1;1;1;1;1;1;1;1;1;1;1;1;1;1;1;1;0;1;1;1;1;1;1;1;1;1;1;1;1;1;1;1;1;1;1;1;1;1;1;24;51;30;25;10;1;0;3;34;52;30;28
"11";33145;4;"4";NA;9;"0";"0";"0";1;1;1;1;1;1;1;1;1;1;1;1;1;1;1;1;1;1;1;1;1;1;1;1;1;1;1;1;1;1;1;1;1;1;1;1;1;1;1;1;1;1;1;1;1;1;1;1;1;1;1;1;1;1;1;1;0;1;1;1;1;1;1;1;1;1;1;1;0;0;1;1;1;1;1;1;1;0;1;1;1;1;1;1;1;1;1;1;1;1;1;1;1;1;0;1;1;1;1;1;1;1;1;1;0;1;1;1;1;1;1;1;1;1;1;1;1;1;1;1;1;1;1;1;1;1;1;1;1;1;1;1;1;1;1;1;1;1;1;1;1;1;1;1;1;1;1;1;1;1;1;1;34;51;30;31;1;1;0;4;35;52;30;35
"12";33146;4;"4";NA;10;"0";"0";"0";1;1;1;1;1;1;1;1;1;1;1;1;1;1;1;1;1;1;1;1;1;1;1;1;1;1;1;1;1;1;1;1;1;1;1;1;1;1;1;1;1;1;1;1;1;1;1;1;0;1;1;1;1;1;0;1;1;1;1;1;1;1;1;1;0;1;1;0;1;1;1;1;1;0;1;1;1;1;1;1;1;1;1;1;1;1;1;1;1;1;1;1;1;1;1;1;NA;NA;NA;NA;1;1;1;1;1;1;1;1;1;1;1;1;1;1;1;1;1;1;1;1;1;1;1;1;1;1;1;1;1;1;1;1;1;1;1;1;1;1;1;1;1;1;1;1;1;1;1;1;1;1;1;1;32;52;30;29;3;0;0;2;35;52;30;31
"13";33144;4;"4";NA;8;"0";"0";"0";1;1;1;1;1;1;1;1;1;1;1;1;1;1;1;1;1;1;1;1;1;1;1;1;1;1;1;1;1;1;1;0;1;0;0;1;1;1;1;0;1;1;1;1;1;1;1;1;1;1;1;1;1;1;1;1;1;1;1;1;0;1;1;0;1;1;1;1;1;1;1;1;1;1;1;1;1;1;1;1;1;1;1;1;1;1;1;1;NA;NA;NA;NA;NA;NA;NA;NA;NA;NA;NA;NA;1;1;1;1;1;1;1;1;1;1;1;1;1;1;1;1;1;1;1;1;1;1;1;1;0;1;1;1;1;0;1;1;1;1;1;1;1;1;1;1;1;1;1;1;1;1;1;1;1;1;1;1;29;50;30;23;6;2;0;0;35;52;30;23
"14";33147;4;"4";NA;9;"0";"0";"0";1;1;1;1;1;1;1;1;1;1;1;1;1;0;1;1;1;1;1;1;1;1;1;1;1;1;1;1;1;1;1;1;1;1;1;1;1;1;1;1;1;1;1;0;1;1;1;1;1;1;1;1;1;1;1;1;1;1;1;1;1;1;1;1;1;0;1;1;0;1;1;0;0;1;0;1;1;1;0;0;0;0;1;1;0;1;0;0;0;0;1;1;1;1;0;1;1;1;0;0;1;1;1;1;1;1;1;1;1;1;1;1;1;1;1;1;1;1;1;1;1;1;1;1;1;1;1;1;1;1;1;1;1;1;0;1;1;1;1;1;1;1;1;1;1;1;1;1;1;1;1;1;34;51;29;18;1;1;1;17;35;52;30;35
"15";33152;4;"4";NA;9;"0";"0";"0";1;1;1;1;1;1;1;1;1;1;1;1;1;1;1;1;1;1;1;1;1;1;1;1;1;1;1;1;1;1;1;1;1;1;1;1;1;1;1;1;1;1;1;1;1;1;1;1;0;1;1;1;1;1;1;1;1;1;1;1;1;1;1;1;1;1;1;1;1;1;1;1;0;1;1;1;1;1;1;1;1;1;1;1;1;1;1;1;1;1;1;1;1;1;1;1;1;1;1;0;1;1;1;1;1;1;1;1;1;1;1;1;1;1;1;1;1;1;1;1;1;1;1;1;1;1;1;1;1;1;1;1;1;1;1;1;1;1;1;1;1;0;1;1;1;1;1;1;1;1;1;1;34;51;30;33;1;1;0;2;35;52;30;35
"16";33151;4;"4";NA;9;"0";"0";"0";1;1;1;1;1;1;1;1;1;1;1;1;1;1;1;1;1;1;1;1;1;1;1;1;1;1;1;1;1;1;1;1;1;1;1;1;1;1;1;1;1;1;1;1;1;1;1;1;0;1;0;1;1;1;1;1;NA;NA;NA;NA;NA;NA;NA;NA;NA;1;1;1;1;0;1;1;1;1;1;1;1;1;1;1;1;1;1;1;0;1;1;1;1;1;1;1;0;NA;NA;NA;NA;NA;NA;NA;1;1;1;1;1;1;1;0;0;1;1;1;0;1;1;1;0;1;1;1;1;1;1;1;1;1;0;1;1;1;1;1;1;1;1;1;1;1;1;1;1;0;1;1;1;1;1;1;1;1;1;1;24;46;30;25;2;6;0;3;26;52;30;28
"17";33149;5;"4";NA;10;"1";"3";"0";1;1;1;1;1;1;1;1;1;1;1;1;1;1;1;1;0;1;1;1;1;1;1;1;0;1;1;1;1;1;1;1;1;1;1;1;1;0;1;0;1;1;0;1;1;0;1;1;0;1;1;1;1;1;0;0;1;1;1;1;1;1;1;1;1;1;0;1;1;1;1;1;1;1;1;1;1;0;1;1;1;NA;NA;NA;NA;NA;NA;NA;NA;NA;NA;NA;NA;NA;NA;NA;NA;NA;NA;NA;1;1;1;1;1;1;1;1;1;1;0;1;1;1;1;0;1;0;1;1;1;0;1;1;1;1;1;1;1;0;1;1;1;1;0;1;1;1;0;0;0;0;1;1;1;0;1;1;1;1;1;1;28;41;28;14;7;11;2;2;35;52;30;16
"18";33148;4;"4";NA;9;"0";"0";"0";1;1;1;1;1;1;1;1;1;1;1;1;1;1;1;1;1;1;1;1;1;1;1;1;1;1;1;1;1;1;1;1;1;1;1;1;1;1;1;0;1;1;0;1;1;0;1;1;1;0;1;1;1;1;0;1;1;1;1;1;1;1;1;1;0;1;1;1;1;0;1;1;1;0;1;1;1;1;1;1;1;1;1;1;1;NA;NA;NA;NA;NA;NA;NA;NA;NA;NA;NA;NA;NA;NA;NA;1;1;1;1;1;1;1;1;1;1;1;1;1;1;1;1;1;1;1;1;0;1;1;1;1;1;0;1;1;1;1;1;1;1;1;1;1;1;1;1;1;1;0;1;1;1;1;1;1;1;1;1;29;49;30;18;6;3;0;2;35;52;30;20
"19";33154;4;"4";NA;9;"0";"0";"0";1;1;1;1;1;1;1;1;1;1;1;1;1;1;1;1;1;1;1;1;1;1;1;1;1;1;1;1;1;1;1;0;1;0;1;1;1;1;0;1;1;1;1;1;1;1;1;1;0;1;1;1;1;1;1;1;1;1;1;1;1;1;1;1;1;1;1;1;1;0;1;1;1;1;1;1;1;1;1;1;1;1;1;1;1;1;1;1;1;1;1;1;1;1;0;NA;NA;NA;NA;NA;1;1;1;1;1;1;1;1;1;1;1;1;1;1;1;1;1;1;1;1;1;1;1;1;1;1;1;1;1;1;1;1;1;1;1;1;1;1;1;1;1;1;1;1;1;1;1;1;1;1;1;1;31;52;30;28;4;0;0;2;35;52;30;30
"20";33159;4;"4";NA;10;"0";"0";"0";1;1;1;1;1;1;1;1;1;1;1;1;1;1;1;1;1;1;1;1;1;1;1;1;1;1;1;1;1;1;1;1;1;1;1;1;1;1;1;1;1;1;1;1;1;1;1;1;0;1;1;1;1;1;1;1;1;1;1;1;1;1;1;1;1;0;1;1;1;1;1;1;1;1;1;1;1;1;1;0;1;1;1;0;0;1;1;0;1;0;1;0;1;1;0;1;1;1;0;0;1;1;1;1;1;1;1;1;1;1;1;0;1;1;1;1;1;1;1;1;1;1;1;0;1;1;1;1;1;1;1;0;1;1;1;1;1;1;1;0;1;1;1;1;1;1;1;1;1;1;1;1;34;48;30;25;1;4;0;10;35;52;30;35
"21";33162;4;"4";NA;9;"1";"0";"0";1;1;1;1;1;1;1;1;1;1;1;1;1;0;1;1;1;1;1;1;1;1;1;1;1;1;1;1;1;1;1;1;0;1;1;1;0;1;1;1;1;1;1;1;0;1;1;1;0;1;1;1;0;1;1;1;1;1;1;1;1;1;1;NA;NA;1;1;1;1;0;1;1;1;1;1;1;1;0;1;0;1;1;1;0;1;1;1;1;1;1;1;NA;NA;NA;NA;NA;NA;NA;NA;NA;1;1;1;1;1;1;1;1;1;1;1;1;1;1;1;1;1;1;1;1;1;1;1;1;1;1;1;1;1;1;1;1;1;1;1;1;1;1;1;1;1;1;1;1;1;1;1;1;1;1;1;1;28;52;29;22;5;0;1;4;33;52;30;26
"22";33158;5;"4";NA;10;"1";"0";"0";1;1;1;1;1;1;1;1;1;1;1;1;1;0;1;1;1;1;1;1;1;1;1;1;1;1;1;1;1;1;1;0;0;1;1;0;0;1;1;0;1;1;1;1;0;0;0;1;0;0;0;1;0;1;1;0;0;1;1;1;1;1;1;1;1;1;1;1;1;0;1;1;1;1;1;1;1;0;1;0;0;0;1;1;0;1;1;1;1;1;1;1;1;1;0;1;1;NA;NA;NA;1;0;1;1;1;0;1;1;1;1;0;0;1;1;1;1;1;0;1;1;1;1;0;0;1;1;1;1;1;0;1;1;1;1;1;1;1;1;1;1;0;0;1;1;1;1;1;1;1;1;1;1;21;42;29;25;14;10;1;7;35;52;30;32
"23";33155;4;"4";NA;9;"0";"0";"0";1;1;1;1;1;1;1;1;1;1;1;1;1;0;1;1;1;1;1;1;1;1;1;1;1;1;1;1;1;1;1;1;1;1;1;1;1;1;1;0;1;1;1;1;1;1;1;1;0;1;1;1;1;1;1;1;1;1;1;1;1;1;1;1;1;0;1;1;1;0;1;1;1;1;1;1;1;0;1;1;1;1;1;1;1;1;1;0;1;1;1;1;1;1;0;1;1;1;1;0;1;0;1;1;1;1;1;1;1;1;1;1;1;1;1;1;1;1;1;1;1;1;1;1;1;1;1;1;1;0;1;1;1;1;1;1;1;1;1;1;1;1;1;1;1;1;1;1;1;1;1;1;33;50;29;29;2;2;1;6;35;52;30;35
"24";33157;4;"4";NA;9;"1";"0";"0";1;1;1;1;1;1;1;1;1;1;1;0;1;1;1;1;1;1;1;1;1;1;1;1;1;1;1;1;1;1;1;1;1;1;1;1;1;1;1;0;1;1;1;1;1;1;1;1;0;1;1;1;0;1;1;1;1;1;1;1;1;1;1;1;0;0;1;1;1;0;1;1;1;1;1;1;1;1;1;0;0;1;1;0;0;1;1;1;1;1;1;1;1;1;0;1;0;1;0;1;1;1;1;1;0;1;1;1;1;1;1;1;1;1;1;0;1;1;0;1;1;1;1;1;1;1;1;1;1;1;1;1;1;1;1;1;1;1;1;1;1;0;1;1;1;1;1;1;1;1;1;1;31;48;29;26;4;4;1;9;35;52;30;35
"25";33160;4;"4";NA;10;"1";"0";"0";1;1;1;1;1;1;1;1;1;1;1;1;1;1;1;1;1;1;1;1;1;1;1;1;1;1;1;1;1;1;1;1;1;1;1;1;1;1;1;1;1;1;1;1;1;1;1;1;1;1;1;1;1;1;1;1;1;1;1;1;0;1;NA;NA;NA;1;0;1;1;0;1;1;1;1;0;1;1;1;1;0;0;1;1;0;0;1;1;1;1;1;1;1;0;1;0;1;0;NA;NA;NA;1;1;1;1;1;1;1;1;1;1;1;1;1;1;1;1;1;1;1;1;1;1;1;1;1;1;1;0;0;0;1;1;1;1;1;1;1;1;0;1;0;1;1;1;1;1;1;1;1;1;1;1;31;47;30;22;1;5;0;10;32;52;30;32
"26";33163;4;"4";NA;10;"1";"0";"0";1;1;1;1;1;1;1;1;1;1;1;0;1;1;1;1;1;1;1;1;1;1;1;1;1;1;1;0;1;1;1;1;1;1;1;1;1;1;1;1;1;1;1;1;1;1;1;1;0;1;1;1;1;1;1;1;1;1;1;1;1;1;1;1;0;1;1;1;1;1;1;1;1;1;1;1;1;1;1;1;1;1;1;1;1;1;1;1;1;1;1;1;1;1;1;1;1;1;NA;NA;1;1;1;1;1;1;1;1;1;1;1;1;1;1;1;1;1;1;1;1;1;1;1;1;1;1;1;1;1;0;1;1;1;1;1;1;1;1;1;1;1;1;1;1;1;1;1;1;1;1;1;1;33;51;28;33;2;1;2;0;35;52;30;33
"27";33156;4;"4";NA;9;"0";"0";"0";1;1;1;1;1;1;1;1;1;1;1;1;1;0;1;1;1;1;1;1;1;1;1;1;1;1;1;1;1;1;1;1;1;1;0;1;1;1;1;0;1;1;1;1;1;1;1;1;1;1;1;0;0;1;1;1;1;1;1;0;1;1;1;1;1;1;1;1;1;0;1;1;1;1;1;1;1;1;1;1;0;1;1;1;1;1;1;1;1;1;1;1;1;1;0;1;1;1;1;NA;1;1;1;1;1;1;1;1;1;1;1;1;1;1;1;1;1;1;1;1;1;1;1;1;1;1;1;1;1;0;1;1;1;1;1;1;1;1;1;1;1;1;1;1;1;1;1;1;1;1;0;1;30;50;29;31;5;2;1;3;35;52;30;34
"28";33161;4;"4";NA;9;"1";"0";"0";1;1;1;1;1;1;1;1;1;1;1;1;1;1;1;1;1;1;1;1;1;1;1;1;1;1;1;1;1;1;1;0;0;1;1;1;1;1;1;1;1;1;1;1;1;1;1;1;0;1;1;1;0;1;1;0;1;1;1;1;1;1;1;1;NA;1;1;1;1;0;1;1;0;0;0;1;1;0;1;1;0;1;1;0;0;1;1;1;1;0;NA;NA;NA;NA;NA;NA;NA;NA;NA;NA;1;1;1;1;1;1;1;1;1;1;1;1;1;1;1;1;1;1;1;1;1;1;1;1;1;1;1;1;1;1;1;1;1;1;1;1;1;1;1;1;1;1;1;1;1;1;1;1;1;1;1;1;29;52;30;16;5;0;0;9;34;52;30;25
"29";33165;4;"4";NA;NA;"1";"0";"0";1;1;1;1;1;0;1;1;1;1;1;1;1;0;1;1;1;1;1;1;1;1;1;1;1;1;1;1;1;1;1;0;0;1;1;0;0;0;0;0;0;0;0;1;0;1;0;0;1;0;0;1;0;1;0;0;0;1;1;0;0;0;0;1;0;1;1;0;1;1;0;0;0;0;0;0;0;0;1;0;1;0;0;0;0;0;0;0;0;0;0;1;1;0;1;0;1;0;0;0;1;1;1;1;1;1;1;1;1;1;0;0;1;1;1;1;1;0;1;1;1;1;1;1;1;1;1;1;1;1;1;1;1;1;1;1;1;0;1;1;1;1;1;1;1;1;1;1;1;1;1;0;11;47;28;10;24;5;2;25;35;52;30;35
"30";33173;4;"4";NA;NA;"1";"0";"0";1;1;1;1;0;0;0;0;1;0;1;1;0;1;1;0;1;0;1;0;0;1;0;0;0;0;0;0;0;0;1;0;1;1;0;0;1;1;1;0;0;1;0;1;0;0;1;1;1;0;1;1;1;1;0;1;0;1;1;1;1;0;NA;NA;NA;0;1;0;1;1;0;0;0;0;1;0;1;0;0;1;0;0;0;1;0;0;0;0;0;1;1;0;0;0;1;0;0;0;0;1;0;0;1;1;0;0;1;0;0;1;1;1;0;1;1;0;0;1;0;1;1;1;0;1;1;1;0;1;0;0;0;0;1;1;0;0;1;0;0;1;1;0;0;0;1;0;1;0;1;1;1;0;20;26;12;11;12;26;18;24;32;52;30;35
"31";33174;4;"4";NA;NA;"0";"0";"0";1;1;1;1;1;1;1;0;1;1;1;1;1;0;1;1;1;1;1;1;1;1;1;1;1;1;1;1;1;1;1;1;0;0;0;1;1;1;1;0;1;1;1;1;1;0;1;1;1;1;1;1;1;1;1;1;1;1;1;1;0;1;1;1;1;0;0;0;1;0;1;0;1;0;0;0;1;0;0;0;0;0;0;1;0;0;0;0;1;0;0;0;0;0;1;1;0;0;0;1;1;0;1;0;1;0;1;0;1;0;0;1;1;1;0;1;0;1;1;1;1;1;1;1;1;1;1;1;0;1;1;1;1;0;0;0;1;1;0;1;1;1;1;1;1;1;1;1;0;1;1;0;29;37;28;9;6;15;2;26;35;52;30;35
"32";33168;4;"4";NA;NA;"0";"0";"0";1;1;1;1;1;0;1;1;1;0;1;1;0;1;1;1;1;1;1;1;1;1;1;1;1;1;1;0;1;1;1;0;1;1;1;1;1;1;1;0;1;1;1;1;1;1;1;1;0;0;1;1;1;1;1;1;1;1;1;1;0;1;0;1;1;1;1;0;1;0;1;0;1;0;1;1;1;0;1;0;0;1;1;0;0;1;NA;NA;NA;NA;NA;NA;NA;NA;NA;NA;NA;NA;NA;NA;1;1;1;1;0;1;1;1;1;1;1;0;1;1;1;1;1;1;1;1;1;1;1;1;1;1;1;1;1;1;1;1;1;1;1;1;1;1;1;1;1;1;1;1;1;1;1;1;0;1;1;1;29;49;26;12;6;3;4;9;35;52;30;21
"33";33150;4;"4";NA;9;"1";"0";"0";1;1;0;1;1;1;1;1;1;1;1;1;1;1;1;0;0;1;1;1;1;1;1;1;0;1;1;1;1;1;0;1;1;1;1;1;1;1;1;1;1;1;1;1;1;1;1;0;0;1;NA;NA;NA;NA;NA;NA;NA;NA;NA;NA;NA;NA;NA;NA;NA;1;1;1;1;0;1;1;1;1;1;1;1;1;1;1;1;1;1;1;1;1;1;1;NA;NA;NA;NA;NA;NA;NA;NA;NA;NA;NA;NA;1;0;1;1;1;1;1;1;1;1;1;1;1;1;1;1;1;1;1;1;1;1;1;1;1;1;1;1;1;0;1;1;1;1;1;1;1;1;1;1;1;1;1;1;1;1;1;1;1;1;1;1;17;50;26;22;3;2;4;1;20;52;30;23
"34";33164;4;"4";NA;NA;"0";"0";"0";1;1;0;1;1;1;1;1;0;1;0;1;1;0;1;1;1;0;1;1;1;1;1;1;1;1;1;1;1;0;1;0;1;1;1;1;1;1;1;0;1;1;1;1;1;1;1;1;0;1;1;1;0;1;1;1;1;1;1;1;1;1;NA;NA;NA;1;0;1;0;0;1;1;0;1;1;1;1;0;1;1;1;1;0;1;0;1;1;1;0;0;1;1;1;1;0;1;1;1;0;0;1;0;1;1;0;0;0;1;1;1;1;1;1;1;1;1;1;0;1;1;1;1;1;1;1;1;1;1;1;0;1;1;1;1;1;1;1;1;1;1;0;1;1;1;1;1;1;1;1;1;1;0;28;44;24;23;4;8;6;12;32;52;30;35
"35";33166;4;"4";NA;NA;"0";"0";"0";1;1;1;1;1;1;0;1;1;1;1;1;1;0;1;1;1;1;1;1;1;1;1;1;1;1;0;1;1;1;1;1;1;1;1;0;1;0;1;0;1;1;0;1;0;0;1;1;0;0;1;0;NA;NA;NA;NA;NA;NA;NA;NA;NA;NA;NA;NA;NA;0;1;0;0;1;0;1;0;0;1;0;0;0;0;0;0;1;0;1;0;1;0;1;1;0;0;0;0;1;0;0;1;0;0;1;1;0;1;1;1;1;1;1;1;1;0;0;0;1;1;1;0;0;1;1;0;1;1;0;0;1;1;0;0;1;1;0;0;1;0;1;1;0;0;0;1;1;1;1;0;0;1;1;1;1;1;0;13;32;27;12;9;20;3;23;22;52;30;35
"36";33167;4;"4";NA;NA;"0";"0";"0";1;1;1;1;0;0;1;1;1;1;1;1;1;1;0;1;1;1;1;0;1;1;1;1;1;1;1;1;1;1;1;0;1;1;1;1;1;1;1;0;1;1;1;1;1;1;1;1;0;0;0;1;0;1;0;1;0;1;1;1;1;1;0;1;1;1;1;1;1;0;1;1;1;1;0;1;1;1;0;1;0;0;1;0;0;1;1;0;0;0;0;1;0;1;0;0;1;0;0;0;1;1;1;1;1;1;1;1;1;1;1;0;1;1;1;1;1;1;1;1;1;1;1;1;1;1;1;1;1;0;1;1;1;1;1;1;1;1;1;1;0;1;1;1;1;1;1;1;1;1;1;1;26;49;26;18;9;3;4;17;35;52;30;35
"37";33169;4;"4";NA;NA;"1";"0";"0";1;1;1;1;1;1;1;1;1;1;1;1;1;0;1;1;1;1;1;1;1;1;1;1;1;1;0;1;1;0;0;0;0;1;1;1;1;0;1;0;0;1;0;0;1;0;NA;NA;NA;NA;NA;NA;NA;NA;NA;NA;NA;NA;NA;NA;NA;NA;NA;NA;NA;1;0;0;0;0;0;0;0;0;0;1;1;0;0;0;0;0;0;0;0;0;1;0;0;0;0;0;1;1;0;0;0;1;0;0;1;0;0;1;1;1;1;1;1;1;0;1;1;1;1;0;0;1;1;0;1;1;0;0;0;1;1;0;0;0;1;0;0;1;0;1;1;0;1;1;0;0;0;0;0;1;0;1;1;1;1;1;7;30;27;7;9;22;3;28;16;52;30;35
"38";33183;4;"3";NA;9;"0";"0";"0";1;1;1;1;1;1;1;1;1;1;1;1;1;1;1;1;1;1;1;1;1;1;1;1;1;1;1;1;1;1;1;0;1;0;0;1;1;1;1;0;0;1;0;0;1;1;1;1;1;0;1;1;1;1;0;1;1;1;1;1;0;0;NA;NA;NA;1;1;1;1;0;1;1;1;0;0;1;1;1;1;0;1;1;1;0;0;NA;NA;NA;NA;NA;NA;NA;NA;NA;NA;NA;NA;NA;NA;NA;1;0;1;1;1;1;0;1;1;1;1;1;1;1;1;1;1;1;1;1;1;1;1;1;0;1;1;0;1;0;1;1;1;1;1;1;1;1;1;1;1;0;1;1;1;1;1;1;1;1;1;0;21;45;30;14;11;7;0;6;32;52;30;20
"39";33185;3;"3";NA;8;"1";"0";"0";1;1;1;1;1;1;1;1;1;1;1;1;1;1;1;1;1;1;1;1;1;1;1;1;0;1;1;1;1;1;1;0;1;0;1;1;1;0;1;0;1;1;1;1;1;1;1;1;0;1;1;1;1;1;1;1;0;1;1;1;0;1;1;1;1;1;1;1;1;1;1;1;1;1;1;1;1;1;1;1;1;1;1;1;1;1;1;1;1;1;1;1;1;1;NA;NA;NA;NA;NA;NA;1;1;1;1;1;1;1;1;1;1;1;1;1;1;1;1;1;1;1;1;1;1;1;1;1;1;1;1;1;0;1;1;1;1;1;1;1;1;1;1;1;1;1;1;1;1;1;1;1;1;1;1;28;51;29;29;7;1;1;0;35;52;30;29
"40";33189;3;"3";NA;8;"0";"0";"0";0;1;1;1;1;1;1;1;1;1;1;1;1;1;1;1;1;1;1;1;1;1;1;1;1;1;1;1;1;1;1;1;1;1;1;1;1;1;1;1;1;0;1;1;0;1;1;1;0;1;1;1;1;1;1;0;1;1;1;1;1;1;1;1;0;1;1;1;1;0;1;1;1;0;1;1;1;1;1;1;NA;NA;NA;NA;NA;NA;NA;NA;NA;NA;NA;NA;NA;NA;NA;NA;NA;NA;NA;NA;1;0;1;0;1;1;1;1;1;1;1;1;1;1;1;1;0;0;1;1;1;1;1;1;1;0;1;0;1;0;1;1;1;1;1;1;1;1;1;1;1;0;1;1;1;1;1;1;1;1;1;1;30;44;29;13;5;8;1;2;35;52;30;15
"41";33184;3;"3";NA;8;"1";"0";"0";1;1;1;1;1;1;1;1;1;1;1;1;1;1;1;0;1;1;1;1;1;1;1;1;1;1;1;1;1;1;1;0;1;1;1;0;1;1;1;0;1;1;1;0;1;1;1;1;0;1;1;1;1;1;1;1;1;1;1;1;0;1;1;0;1;0;1;1;0;0;1;1;0;0;0;1;1;1;1;1;1;1;1;1;0;1;NA;NA;NA;NA;NA;NA;NA;NA;NA;NA;NA;NA;NA;NA;1;0;1;1;1;1;1;1;1;1;1;0;1;1;1;0;0;1;1;1;1;1;1;1;1;1;1;1;1;0;1;0;1;1;0;1;1;1;0;1;0;0;1;0;1;0;1;1;1;1;1;0;28;39;29;14;7;13;1;7;35;52;30;21
"42";33182;3;"3";NA;8;"0";"0";"0";1;1;1;1;1;1;0;1;1;1;1;1;1;1;1;0;1;1;1;1;1;0;1;0;1;1;1;1;1;1;0;0;1;0;1;1;1;1;0;0;1;1;1;1;0;1;1;1;0;0;1;1;1;1;1;1;1;1;1;1;0;1;1;1;0;1;1;0;1;0;1;1;1;0;NA;NA;NA;NA;NA;NA;NA;NA;NA;NA;NA;NA;NA;NA;NA;NA;NA;NA;NA;NA;NA;NA;NA;NA;NA;NA;1;1;1;0;1;1;1;1;0;1;1;1;1;1;1;1;1;1;1;1;1;1;1;1;0;1;1;0;1;1;1;1;1;1;1;1;1;1;1;0;1;1;0;0;1;1;0;1;1;1;1;1;25;44;26;6;10;8;4;3;35;52;30;9
"43";33186;4;"3";NA;10;"1";"1";"0";1;1;0;1;1;1;1;1;1;1;1;1;0;1;1;1;1;0;1;1;1;1;1;1;1;1;1;1;1;1;1;0;1;0;1;1;1;0;1;1;1;1;1;1;1;1;1;1;1;0;1;1;1;1;0;1;1;1;0;1;NA;NA;NA;NA;NA;0;1;1;1;0;1;1;0;0;0;1;0;0;1;1;1;1;0;0;1;NA;NA;NA;NA;NA;NA;NA;NA;NA;NA;NA;NA;NA;NA;NA;1;1;1;1;1;1;1;1;1;1;1;1;1;1;1;0;1;1;1;1;1;1;1;1;1;1;1;1;1;1;1;0;1;1;1;1;1;1;1;1;0;1;1;1;1;0;1;1;1;1;0;0;24;46;27;11;6;6;3;9;30;52;30;20
"44";33188;3;"3";NA;9;"1";"0";"0";1;1;1;1;1;1;1;1;1;1;1;1;1;1;1;1;1;1;1;1;1;1;1;1;1;1;1;1;1;1;1;1;1;1;1;1;1;1;1;1;1;1;1;1;1;1;1;1;0;1;1;1;1;1;1;1;0;1;1;1;1;1;1;1;1;1;1;1;1;0;1;1;1;1;1;1;1;1;1;1;1;1;1;1;1;1;1;1;1;1;1;1;1;1;1;1;1;1;1;1;1;1;1;0;1;1;1;1;1;1;1;1;1;1;1;1;1;1;1;1;1;1;1;1;1;1;1;1;1;1;1;1;1;1;1;1;1;1;1;1;1;0;1;1;1;1;1;1;1;1;1;1;33;50;30;34;2;2;0;1;35;52;30;35
"45";33197;4;"3";NA;9;"0";"1";"0";1;1;0;0;1;0;0;1;1;0;0;0;0;0;0;0;0;1;0;0;1;0;1;1;1;1;0;0;1;0;1;0;0;0;0;1;1;1;1;0;0;0;0;0;1;1;0;1;0;0;0;0;1;0;0;0;0;0;0;0;0;1;NA;NA;NA;1;1;0;0;1;0;0;0;1;0;1;0;1;0;0;1;0;1;0;0;1;0;0;1;0;0;1;0;0;0;0;0;0;0;0;1;1;0;0;0;1;1;0;1;0;1;1;0;0;1;1;0;0;1;0;1;1;1;1;1;0;1;0;0;1;0;0;1;1;1;0;0;0;1;1;0;0;0;1;1;0;0;1;0;0;1;1;10;27;12;11;22;25;18;24;32;52;30;35
"46";33193;4;"3";NA;9;"0";"0";"0";1;1;1;1;1;0;1;1;0;1;1;1;1;0;0;1;1;1;1;0;1;0;1;0;0;1;0;1;0;0;1;1;1;1;1;1;1;1;0;1;1;0;1;1;0;1;1;1;1;0;1;1;1;1;1;1;1;1;1;1;0;1;1;1;0;0;0;0;1;1;1;0;1;0;0;1;0;0;0;1;0;1;0;0;0;0;0;1;0;1;0;1;0;0;0;0;1;1;1;0;1;0;0;1;0;1;NA;1;1;1;NA;0;1;0;1;1;1;1;1;NA;1;1;1;1;1;1;1;1;1;0;1;1;1;1;1;1;1;1;1;1;1;NA;NA;1;0;1;1;NA;1;1;1;NA;29;38;19;13;6;7;11;22;35;45;30;35
"47";33196;3;"3";NA;8;"0";"0";"0";1;1;1;1;1;1;1;1;1;1;1;1;1;0;1;1;1;1;1;1;1;1;1;1;1;1;1;1;1;1;1;0;1;1;1;1;1;1;1;0;1;0;1;1;1;1;0;1;0;0;1;1;0;1;1;0;1;1;0;1;1;1;0;1;0;1;1;1;1;0;1;1;0;1;1;1;1;0;1;1;1;1;1;1;1;1;0;1;0;NA;NA;NA;NA;NA;NA;NA;NA;NA;NA;NA;1;0;1;1;1;1;1;1;1;1;1;1;1;1;1;0;1;1;1;1;1;1;1;1;1;1;1;1;1;1;1;0;1;1;1;1;1;1;1;0;1;1;0;1;1;1;1;1;1;1;1;1;24;47;29;19;11;5;1;5;35;52;30;24
"48";33198;3;"3";NA;8;"1";"0";"0";1;1;1;1;0;1;1;1;1;1;1;1;1;0;1;1;1;1;1;1;1;1;1;1;0;1;1;1;1;0;1;1;1;0;1;1;1;1;1;1;1;1;1;1;0;1;1;1;1;1;1;1;1;1;0;1;1;0;1;0;0;1;1;0;0;1;1;1;1;1;1;0;0;0;1;1;0;0;0;1;0;0;1;0;0;1;1;1;0;0;0;1;0;0;1;0;0;0;0;0;1;1;1;1;1;1;0;0;1;1;1;0;1;1;1;1;1;1;1;1;0;1;1;1;0;1;1;1;1;0;1;1;1;1;1;1;1;1;1;1;1;1;1;1;NA;1;1;1;0;1;1;1;27;44;26;15;8;7;4;20;35;51;30;35
"49";33199;4;"3";NA;9;"0";"0";"0";1;1;1;1;1;1;0;1;1;1;1;1;1;0;1;1;1;1;1;1;1;1;1;1;0;1;1;1;1;1;1;1;1;0;1;0;1;0;0;1;1;1;1;1;1;0;1;1;0;1;1;1;1;1;1;1;0;NA;NA;NA;NA;NA;NA;NA;NA;1;1;1;1;0;1;1;1;1;1;1;1;0;1;1;1;1;1;1;NA;NA;NA;NA;NA;NA;NA;NA;NA;NA;NA;NA;NA;NA;NA;NA;1;1;1;0;1;1;0;1;1;1;1;1;1;1;1;1;1;1;1;1;1;1;1;1;1;1;1;1;1;0;1;1;1;1;1;1;1;1;1;1;1;1;1;1;1;1;1;1;1;1;1;1;20;49;27;17;7;3;3;2;27;52;30;19
"50";33201;3;"3";NA;8;"0";"0";"0";1;1;1;1;1;1;1;1;1;1;1;1;1;0;1;1;0;1;1;1;1;1;1;1;1;1;1;1;1;1;1;1;1;1;0;1;1;1;1;1;1;1;1;1;1;1;1;1;0;1;0;0;1;1;1;1;1;1;1;1;1;1;1;1;1;1;0;1;1;0;1;1;1;1;1;1;1;1;1;1;1;NA;NA;NA;NA;NA;NA;NA;NA;NA;NA;NA;NA;NA;NA;NA;NA;NA;NA;NA;1;1;1;1;1;1;1;1;1;1;1;1;1;1;1;1;1;1;1;1;1;1;1;1;1;1;1;1;1;0;1;1;1;1;1;1;1;1;1;1;1;1;0;1;1;1;1;1;1;1;1;1;31;50;28;14;4;2;2;2;35;52;30;16
"51";33195;3;"3";NA;9;"0";"0";"0";1;1;1;1;1;1;1;1;1;1;1;1;1;1;1;1;1;0;1;1;1;1;1;1;0;1;1;1;1;1;1;0;1;1;0;0;1;1;1;0;1;1;1;1;1;1;1;1;1;1;1;0;0;0;1;1;0;0;1;1;NA;NA;NA;NA;NA;0;1;1;0;1;1;1;0;1;1;1;1;1;1;1;1;1;1;1;NA;NA;NA;NA;NA;NA;NA;NA;NA;NA;NA;NA;NA;NA;NA;NA;1;1;1;1;1;0;0;0;1;0;0;1;1;1;1;1;1;1;0;0;0;1;0;0;0;0;0;1;1;0;1;1;1;0;0;1;0;0;0;0;0;1;0;1;0;1;1;1;0;1;1;1;21;28;28;16;9;24;2;3;30;52;30;19
"52";33203;3;"3";NA;8;"0";"0";"0";1;1;1;1;1;1;1;1;1;1;1;1;1;1;1;1;1;1;1;1;1;1;1;1;1;1;1;1;1;1;1;0;1;1;1;1;1;0;1;0;1;1;1;1;1;1;1;1;1;1;0;0;1;1;1;1;1;1;1;1;0;1;1;0;0;1;1;1;1;0;1;1;1;1;1;1;1;1;1;1;1;1;1;1;1;1;1;1;1;1;1;1;1;1;1;1;1;1;1;1;1;1;1;1;1;1;1;1;1;1;1;1;1;1;1;1;1;1;1;1;1;1;1;1;1;1;1;1;1;1;1;1;1;1;1;1;1;1;1;1;1;0;1;1;1;1;1;1;1;1;1;1;27;51;30;34;8;1;0;1;35;52;30;35
"53";33209;3;"3";NA;8;"1";"0";"0";1;1;1;1;1;1;1;1;1;1;1;1;1;1;1;1;1;1;1;1;1;1;1;1;1;1;1;1;1;1;1;0;1;1;1;1;1;1;1;1;1;1;1;1;1;1;1;1;0;1;1;1;1;1;1;1;0;1;1;1;1;1;1;1;1;1;1;0;1;1;1;1;0;1;0;0;0;0;1;1;1;1;0;0;0;1;0;1;0;0;0;1;0;0;1;1;1;0;0;0;1;1;1;0;1;1;1;1;1;1;1;1;1;1;1;1;1;1;1;1;1;1;0;1;0;1;1;1;1;1;1;1;1;1;0;1;0;1;1;1;1;1;1;1;1;1;1;1;1;1;1;0;32;46;30;17;3;6;0;18;35;52;30;35
"54";33207;3;"3";NA;9;"1";"0";"0";1;1;1;1;1;1;1;1;1;1;1;1;1;1;1;1;0;1;1;1;1;1;1;0;0;1;1;1;1;1;1;1;1;1;1;1;1;0;1;1;1;1;1;1;1;1;1;1;1;1;1;1;1;1;1;1;1;1;1;1;1;1;1;1;1;0;1;1;1;0;1;1;1;1;1;0;1;0;1;1;0;1;1;0;0;0;0;0;0;1;1;1;1;0;0;0;0;1;0;0;1;0;1;1;0;1;1;1;1;1;1;1;1;1;1;1;1;1;1;1;1;1;1;1;1;1;1;0;1;0;1;1;1;1;1;1;1;1;1;1;0;1;1;1;0;1;1;1;1;1;1;0;34;45;27;18;1;7;3;17;35;52;30;35
"55";33205;3;"3";NA;9;"0";"0";"0";1;1;1;1;1;1;1;1;1;1;1;1;1;1;1;1;1;1;1;1;1;1;1;1;1;1;1;1;1;1;1;1;1;0;1;1;1;0;1;1;1;NA;NA;NA;NA;NA;NA;NA;NA;NA;NA;NA;NA;NA;NA;NA;NA;NA;NA;NA;NA;NA;NA;NA;NA;0;1;1;0;0;1;1;0;1;1;1;0;1;0;0;0;0;0;0;NA;NA;NA;NA;NA;NA;NA;NA;NA;NA;NA;NA;NA;NA;NA;NA;1;0;1;1;1;1;1;1;1;1;1;0;1;1;1;1;1;0;1;1;1;0;1;1;1;1;1;1;0;0;1;0;1;1;1;1;1;1;0;1;0;1;0;1;1;1;1;1;1;1;0;0;9;40;30;8;2;12;0;11;11;52;30;19
"56";33208;4;"3";NA;9;"0";"0";"0";1;1;1;1;0;0;1;1;1;1;1;1;1;0;1;1;1;1;1;1;1;1;1;1;0;1;1;1;1;1;1;0;1;1;1;1;1;1;1;1;0;1;1;1;1;0;1;1;0;1;1;1;1;1;0;1;1;1;1;1;1;1;1;1;1;0;1;1;1;1;1;1;0;1;0;0;0;0;0;1;0;0;0;0;0;0;0;0;0;0;0;1;0;0;0;0;0;0;1;0;1;1;1;1;1;NA;1;1;1;1;1;1;1;1;NA;1;0;NA;1;1;NA;NA;1;NA;1;NA;1;1;1;1;1;1;1;1;1;NA;NA;1;1;1;1;NA;0;NA;0;NA;NA;NA;NA;1;1;0;30;33;26;10;5;4;4;25;35;37;30;35
"57";33206;3;"3";NA;8;"0";"0";"0";1;1;1;1;1;1;0;1;1;1;1;1;1;0;1;1;0;1;1;1;0;1;1;0;1;1;1;1;0;1;1;0;1;1;1;1;1;1;1;1;0;1;1;1;1;1;0;1;0;1;1;1;1;1;1;1;1;1;1;1;0;1;1;1;1;0;1;0;1;1;1;1;0;0;1;1;1;0;1;1;0;0;0;0;NA;NA;NA;NA;NA;NA;NA;NA;NA;NA;NA;NA;NA;NA;NA;NA;1;1;1;1;1;1;1;1;1;1;1;1;1;1;1;1;1;1;1;1;1;1;1;0;1;1;1;0;1;0;1;1;1;1;1;1;1;1;0;0;0;1;0;1;0;1;1;1;1;1;1;0;30;43;24;10;5;9;6;9;35;52;30;19
"58";33204;3;"3";NA;9;"0";"0";"0";1;1;1;1;1;1;1;1;1;1;1;1;1;0;1;1;1;1;1;1;1;1;1;1;0;1;1;1;1;1;1;1;1;0;1;1;0;0;1;1;0;0;1;1;0;1;1;1;1;NA;NA;NA;NA;NA;NA;NA;NA;NA;NA;NA;NA;NA;NA;NA;NA;1;1;0;1;0;1;0;0;1;0;NA;NA;NA;NA;NA;NA;NA;NA;NA;NA;NA;NA;NA;NA;NA;NA;NA;NA;NA;NA;NA;NA;NA;NA;NA;1;1;1;1;1;1;1;1;1;0;1;0;0;1;1;1;1;1;1;1;1;1;1;0;1;1;1;0;1;1;1;1;0;1;0;1;1;1;1;1;0;1;0;0;1;1;1;1;1;0;0;0;13;39;28;5;6;13;2;5;19;52;30;10
"59";33191;3;"3";NA;8;"0";"0";"0";1;1;1;1;1;1;1;1;0;0;1;1;0;1;1;1;1;1;1;1;1;1;1;0;1;1;1;1;1;1;1;0;0;0;0;0;0;0;0;0;0;1;1;0;0;0;1;1;0;0;1;1;1;1;1;0;0;1;1;1;0;1;0;0;NA;1;1;0;1;0;0;1;0;1;0;0;0;1;0;0;1;0;0;0;0;0;1;1;0;1;1;1;0;0;0;1;0;0;0;0;0;1;1;1;1;1;0;0;1;1;1;1;1;1;1;0;0;1;1;1;0;1;1;1;1;1;0;1;1;1;0;1;1;1;1;1;0;1;1;0;1;1;1;1;1;1;1;1;1;1;1;0;14;41;26;13;20;11;4;22;34;52;30;35
"60";33192;3;"3";NA;8;"0";"0";"0";1;1;1;1;1;0;0;1;0;1;1;0;1;0;1;0;0;1;1;1;1;1;1;1;0;1;1;0;1;0;1;1;1;1;1;1;0;0;0;1;1;1;1;1;1;1;1;1;0;0;1;1;1;1;1;1;1;1;1;1;1;1;1;1;0;0;1;1;1;0;1;1;1;1;1;1;1;1;1;1;0;1;1;1;0;1;1;1;1;1;1;1;1;1;0;1;1;1;1;NA;1;1;1;0;1;1;0;0;1;1;1;1;0;1;1;1;0;1;1;0;1;1;1;1;1;1;1;1;1;0;1;1;1;1;0;1;0;0;1;1;1;1;1;0;1;1;0;1;0;1;1;1;29;39;20;29;6;13;10;5;35;52;30;34
"61";33200;3;"3";NA;9;"0";"0";"0";1;1;1;1;1;1;0;1;1;1;1;1;1;0;1;1;1;1;1;1;0;1;1;1;1;1;1;1;1;1;1;0;1;1;1;1;1;1;1;1;1;1;1;1;1;1;1;1;1;1;1;1;1;1;1;1;1;1;1;1;1;1;1;1;0;0;1;1;1;0;1;1;1;1;1;1;1;1;1;1;1;1;1;1;1;1;1;1;NA;NA;NA;NA;NA;NA;NA;NA;NA;NA;NA;NA;1;1;1;1;1;1;1;1;1;1;1;1;1;1;1;0;1;1;1;1;1;1;1;1;1;1;1;1;1;0;1;1;1;1;1;1;1;1;1;1;1;1;1;1;1;1;1;1;1;0;1;1;33;49;27;21;2;3;3;2;35;52;30;23
"62";33190;3;"3";NA;9;"0";"0";"0";1;1;1;0;1;1;1;1;1;1;1;1;1;0;1;1;1;0;1;1;1;1;1;1;0;1;1;1;1;1;1;1;1;1;1;1;1;1;1;1;1;1;1;0;1;1;1;1;0;1;1;1;1;1;1;1;1;1;1;1;1;1;1;1;0;1;1;1;1;0;1;1;1;1;1;1;1;1;1;NA;NA;NA;NA;NA;NA;NA;NA;NA;NA;NA;NA;NA;NA;NA;NA;NA;NA;NA;NA;NA;1;0;1;1;1;1;1;1;1;1;1;0;1;1;1;0;0;1;1;1;1;1;1;1;1;1;1;1;1;1;1;1;1;1;0;1;1;1;1;1;0;0;1;1;1;0;1;1;1;1;1;0;32;43;26;13;3;9;4;1;35;52;30;14
"63";33187;3;"3";NA;9;"0";"0";"0";1;1;1;1;1;1;1;1;1;1;1;1;1;0;1;1;1;1;1;1;1;1;1;1;1;1;1;1;1;1;1;0;1;0;0;0;1;0;1;0;0;1;1;0;0;1;1;1;0;0;0;1;1;1;1;0;0;1;0;1;0;1;1;1;0;1;1;1;1;0;1;1;1;0;1;1;1;1;1;1;0;1;1;0;0;1;1;NA;NA;NA;NA;NA;NA;NA;NA;NA;NA;NA;NA;NA;1;1;1;0;1;1;1;1;1;1;1;1;1;1;1;1;1;1;1;1;1;1;1;1;1;1;1;1;1;1;1;0;1;1;1;1;1;1;1;1;1;1;1;1;1;1;1;1;1;1;1;1;18;50;29;17;17;2;1;5;35;52;30;22
"64";33450;3;"2";NA;8;"0";"0";"0";0;1;1;1;1;1;1;0;1;1;1;1;1;1;1;1;1;1;1;1;1;1;1;1;1;1;1;1;1;0;1;1;1;1;0;1;1;1;1;1;1;1;1;1;1;0;1;1;1;0;0;1;0;1;0;1;1;1;1;1;NA;NA;NA;NA;NA;1;0;0;1;1;1;1;1;1;0;1;1;0;1;1;1;1;0;1;0;NA;NA;NA;NA;NA;NA;NA;NA;NA;NA;NA;NA;NA;NA;NA;1;1;1;1;0;1;1;1;0;1;1;1;1;1;1;0;1;0;1;1;1;0;0;0;1;1;1;0;0;0;1;0;1;1;0;0;1;1;0;0;0;1;1;1;0;0;1;1;1;1;1;1;24;34;27;14;6;18;3;6;30;52;30;20
"65";33448;2;"2";NA;7;"0";"0";"1";1;1;1;1;1;1;1;0;1;1;1;1;1;1;1;1;1;1;1;1;1;1;1;1;0;1;1;1;1;1;1;1;1;1;1;1;1;1;1;1;1;1;0;1;1;0;1;1;1;1;1;1;1;1;1;1;1;1;1;1;1;0;1;1;1;1;1;1;1;0;1;1;1;0;1;1;1;1;0;1;0;1;1;NA;NA;NA;NA;NA;NA;NA;NA;NA;NA;NA;NA;NA;NA;NA;NA;NA;1;1;1;1;1;1;1;1;1;1;1;1;1;1;1;1;1;1;1;1;1;1;1;1;1;1;1;1;1;0;1;1;1;1;1;1;1;1;1;1;1;1;1;1;1;1;1;1;1;1;1;1;32;51;28;14;3;1;2;4;35;52;30;18
"66";33447;2;"2";NA;7;"1";"1";"0";1;1;1;0;0;0;0;0;1;1;1;0;1;0;1;1;0;1;1;1;1;0;1;1;1;1;1;1;1;0;1;0;1;1;0;1;0;1;0;0;0;0;1;1;0;0;1;1;1;0;1;1;1;1;1;1;1;1;1;1;0;NA;NA;NA;NA;1;1;0;1;0;1;1;0;1;0;1;1;0;1;0;0;1;1;0;0;0;0;0;1;0;0;1;0;0;0;0;0;0;0;0;1;1;1;1;0;0;0;1;1;1;0;0;1;1;1;0;0;0;1;1;1;0;0;0;1;1;1;0;1;0;1;1;1;0;1;0;1;1;0;0;1;1;1;1;1;0;1;1;1;0;0;0;20;31;20;13;11;21;10;22;31;52;30;35
"67";33438;2;"2";NA;8;"0";"0";"0";1;1;1;1;1;1;1;1;1;1;1;1;1;1;1;1;1;1;1;1;1;1;1;1;0;1;1;1;1;0;1;0;1;1;0;1;1;1;1;0;1;1;1;1;1;1;1;1;1;0;1;1;1;1;0;1;1;1;1;1;0;1;1;0;1;1;1;1;1;1;1;1;1;1;1;1;1;0;1;NA;NA;NA;NA;NA;NA;NA;NA;NA;NA;NA;NA;NA;NA;NA;NA;NA;NA;NA;NA;NA;1;1;1;1;0;1;1;1;1;1;1;1;1;1;1;1;1;1;1;1;1;1;1;1;1;1;1;1;1;0;1;1;1;1;1;1;1;1;1;1;1;1;1;1;1;1;1;1;1;1;1;0;28;49;28;13;7;3;2;1;35;52;30;14
"68";33440;2;"2";NA;7;"0";"0";"0";1;1;1;1;1;1;1;1;1;1;1;1;1;1;1;1;1;1;1;1;1;1;1;1;1;1;1;1;1;1;1;0;1;0;1;1;1;1;1;0;0;1;1;0;0;1;1;1;0;1;1;1;1;1;0;1;1;1;1;1;1;1;1;0;0;0;1;0;1;1;1;0;0;0;1;1;1;0;1;1;NA;NA;NA;NA;NA;NA;NA;NA;NA;NA;NA;NA;NA;NA;NA;NA;NA;NA;NA;NA;1;1;1;1;1;1;1;1;1;1;1;0;1;1;1;1;1;1;1;1;1;1;1;1;1;1;1;1;1;0;1;1;1;1;1;1;1;1;1;1;1;1;1;1;1;1;1;1;1;1;1;1;25;50;30;9;10;2;0;6;35;52;30;15
"69";33445;2;"2";NA;7;"0";"0";"0";1;1;1;1;0;1;1;0;1;1;1;1;1;1;1;1;1;1;1;1;1;1;1;1;1;1;1;1;1;1;0;1;1;1;1;1;1;1;1;1;1;1;0;1;1;1;1;1;1;1;1;1;1;1;NA;NA;NA;NA;NA;NA;NA;NA;NA;NA;NA;0;1;0;0;0;1;1;0;0;0;1;1;1;1;1;NA;NA;NA;NA;NA;NA;NA;NA;NA;NA;NA;NA;NA;NA;NA;NA;NA;NA;NA;NA;1;0;1;1;1;1;0;1;1;1;0;0;1;1;1;0;NA;1;1;1;1;NA;0;NA;1;1;1;0;NA;0;NA;0;1;1;1;1;1;1;1;NA;0;1;NA;NA;1;0;1;NA;NA;1;1;0;22;30;28;8;2;12;2;7;24;42;30;15
"70";33446;2;"2";NA;7;"0";"0";"0";1;1;1;1;1;1;1;1;1;1;1;0;1;0;1;1;0;1;1;1;1;1;1;1;0;1;1;1;1;1;1;1;1;1;1;1;1;1;1;1;1;1;1;1;1;1;1;1;1;1;1;1;1;1;1;1;1;1;1;1;1;1;1;1;1;0;0;0;0;0;1;0;1;0;0;0;0;0;0;1;0;0;0;1;0;1;1;0;0;0;1;1;1;0;0;1;1;NA;NA;NA;1;1;1;1;1;1;1;1;1;1;1;1;1;1;1;1;1;0;1;1;1;0;1;1;1;1;1;1;0;0;1;1;1;1;0;1;1;1;1;1;0;1;1;1;1;1;1;1;1;1;1;1;35;46;26;11;0;6;4;21;35;52;30;32
"71";33441;2;"2";NA;8;"1";"0";"0";1;1;1;1;1;1;1;1;1;1;1;1;1;1;1;1;0;1;1;1;1;1;1;1;1;1;1;1;1;1;1;0;1;1;1;1;1;1;1;1;1;1;1;1;1;1;1;1;1;1;1;1;1;1;0;1;1;1;1;1;0;1;1;1;1;1;1;1;1;1;1;0;1;1;1;1;1;0;1;1;1;1;0;1;0;1;1;1;1;0;1;NA;NA;NA;NA;NA;NA;NA;NA;NA;1;1;1;1;1;1;1;1;1;1;1;1;1;1;1;1;1;1;1;1;1;1;1;1;1;1;1;1;1;0;1;1;1;1;1;1;1;1;1;1;1;1;1;1;1;1;1;1;1;1;1;1;32;51;29;21;3;1;1;5;35;52;30;26
"72";33449;2;"2";NA;8;"0";"0";"0";1;1;1;1;1;1;1;1;1;1;1;1;1;0;1;0;0;1;1;1;1;0;1;1;1;1;0;1;1;0;1;1;1;1;0;1;1;1;1;1;1;1;1;1;1;1;1;1;1;1;1;1;0;1;0;1;1;NA;NA;NA;NA;NA;NA;NA;NA;1;1;1;1;1;1;1;0;0;0;1;0;0;0;1;0;0;0;0;1;1;0;0;0;0;1;1;0;0;0;0;0;0;1;0;1;1;1;1;1;1;NA;1;NA;1;1;1;1;1;1;NA;1;1;1;1;1;1;1;1;1;1;1;1;1;0;NA;0;1;1;1;1;1;NA;1;0;NA;1;1;1;1;1;1;1;1;1;1;0;24;42;24;14;3;4;6;21;27;46;30;35
"73";33444;2;"2";NA;8;"1";"0";"0";1;1;1;1;0;1;1;1;1;0;1;1;1;0;1;1;1;1;1;1;1;1;1;1;1;0;1;1;1;1;1;0;1;0;1;1;1;1;1;1;0;0;1;1;0;0;0;1;0;0;1;1;1;1;1;1;0;1;1;1;1;1;1;0;0;0;1;0;1;0;1;1;0;0;1;1;0;0;1;0;0;1;0;0;0;1;1;1;1;NA;NA;NA;NA;NA;NA;NA;NA;NA;NA;NA;1;1;1;1;1;1;1;1;0;1;1;1;1;1;1;1;1;1;1;1;1;1;1;0;1;1;1;1;1;0;1;1;1;0;1;1;0;1;0;1;1;1;1;1;1;1;1;1;0;0;1;0;23;43;26;12;12;9;4;12;35;52;30;24
"74";33451;2;"2";NA;7;"0";"0";"0";1;1;1;1;1;1;1;1;1;1;1;1;1;0;1;1;1;1;1;1;1;1;1;1;0;1;1;1;1;0;1;1;1;1;0;1;1;1;1;1;1;1;1;1;1;1;1;1;1;1;1;1;0;1;0;1;1;NA;NA;NA;NA;NA;NA;NA;NA;1;1;1;0;0;1;1;0;1;NA;NA;NA;NA;NA;NA;NA;NA;NA;NA;NA;NA;NA;NA;NA;NA;NA;NA;NA;NA;NA;NA;NA;NA;NA;NA;1;NA;NA;1;1;NA;1;NA;1;0;1;1;1;1;0;NA;1;1;0;1;1;0;1;1;1;1;1;NA;1;0;1;1;0;1;1;1;NA;NA;1;1;NA;NA;NA;NA;NA;NA;NA;1;1;NA;1;NA;24;29;27;6;3;6;3;3;27;35;30;9
"75";33442;2;"2";NA;8;"1";"0";"0";1;1;1;1;1;1;1;1;1;1;1;1;1;1;1;1;1;1;1;1;1;1;1;1;1;1;1;1;1;1;1;1;1;1;1;1;1;1;1;1;1;1;1;1;1;1;1;1;1;1;1;1;1;1;1;1;1;1;1;1;1;1;1;1;1;1;1;1;1;0;0;1;1;0;1;1;1;1;1;0;1;0;1;NA;NA;NA;NA;NA;NA;NA;NA;NA;NA;NA;NA;NA;NA;NA;NA;NA;1;0;1;1;1;1;0;1;1;1;0;0;1;1;1;1;0;1;1;1;1;0;1;0;1;1;1;1;0;0;1;0;1;1;1;1;1;1;0;1;1;0;1;1;1;1;1;1;1;1;1;1;35;40;30;13;0;12;0;5;35;52;30;18
"76";33439;2;"2";NA;8;"1";"0";"0";1;1;1;1;1;1;1;1;1;1;1;1;1;0;1;1;1;1;1;1;1;0;1;1;0;1;1;1;1;1;1;1;1;0;1;1;1;1;0;0;0;1;0;1;0;0;1;1;1;0;0;0;1;1;1;1;0;1;1;1;1;1;1;1;0;1;1;1;0;0;1;0;0;0;0;1;0;0;0;0;0;0;0;0;0;0;1;0;0;1;1;1;NA;NA;NA;NA;NA;NA;NA;NA;1;1;1;1;1;1;1;1;1;1;1;0;1;1;1;1;1;1;1;1;1;1;1;1;1;1;1;1;1;1;1;1;1;1;1;1;1;1;1;1;1;1;1;1;1;0;1;1;1;1;1;1;23;50;27;9;12;2;3;18;35;52;30;27
"77";33453;2;"2";NA;7;"1";"0";"0";0;0;1;1;1;1;1;0;1;1;1;1;1;0;1;1;1;1;1;1;1;1;1;1;1;1;1;1;1;1;1;1;1;1;0;1;1;1;1;0;1;1;0;1;1;0;0;1;1;0;NA;NA;NA;NA;NA;NA;NA;NA;NA;NA;NA;NA;NA;NA;NA;0;1;0;1;1;1;1;0;1;1;1;1;NA;NA;NA;NA;NA;NA;NA;NA;NA;NA;NA;NA;NA;NA;NA;NA;NA;NA;NA;NA;NA;NA;NA;1;1;1;1;1;0;0;1;1;1;1;0;1;1;1;1;1;1;1;1;1;0;1;0;1;1;1;1;1;0;1;0;1;1;0;1;1;1;0;0;1;1;1;1;1;0;1;1;0;1;0;1;14;39;26;9;6;13;4;3;20;52;30;12
"78";33467;5;"4";NA;10;NA;"1";"0";1;1;0;1;0;1;1;1;0;1;1;0;1;1;1;1;1;1;1;1;1;1;1;0;1;1;1;1;1;0;1;0;1;0;0;0;1;0;1;0;0;1;0;0;0;0;1;1;0;0;1;1;1;1;0;0;0;1;1;1;0;0;1;0;0;0;0;0;1;0;1;0;0;0;1;0;0;0;0;0;0;1;0;0;0;0;0;0;0;0;1;1;1;0;0;0;0;0;0;1;1;0;1;1;0;0;0;1;1;1;0;0;0;1;1;0;0;0;1;1;1;0;0;0;1;1;1;0;0;0;1;0;1;1;0;0;1;1;0;0;0;0;1;1;0;0;1;1;1;1;0;0;15;25;24;8;20;27;6;27;35;52;30;35
"79";33468;5;"4";NA;10;NA;"3";"1";1;1;1;1;1;1;1;1;1;1;1;1;1;1;1;1;1;1;1;1;1;1;1;1;1;1;1;1;1;1;1;1;1;1;1;1;1;1;1;1;1;1;1;1;1;0;1;1;1;1;1;1;1;1;0;1;1;1;1;1;1;1;1;1;1;0;1;1;1;1;1;1;1;0;0;1;1;1;1;1;0;1;1;1;NA;NA;NA;NA;NA;NA;NA;NA;NA;NA;NA;NA;NA;NA;NA;NA;1;1;1;1;1;1;1;1;1;1;1;1;1;1;1;1;1;1;1;1;1;1;1;1;1;1;1;1;1;1;1;1;1;1;1;1;1;1;1;1;1;1;1;1;1;1;1;1;1;1;1;1;33;52;30;15;2;0;0;4;35;52;30;19
"80";33465;5;"4";NA;10;NA;"3";"0";1;1;1;1;1;1;1;1;1;1;1;1;1;0;1;1;1;1;1;1;1;1;1;1;1;1;1;1;1;1;1;0;0;0;0;0;0;0;0;0;0;0;0;0;1;0;0;0;0;0;0;0;0;0;0;0;0;0;0;0;0;0;0;0;0;1;1;1;1;0;1;1;1;0;1;1;1;1;1;1;0;1;NA;NA;NA;NA;NA;NA;NA;NA;NA;NA;NA;NA;NA;NA;NA;NA;NA;NA;1;1;1;1;1;1;1;1;1;1;1;1;1;1;1;1;1;1;1;1;1;1;1;1;1;1;1;1;1;1;1;1;1;1;1;1;1;1;1;1;1;1;1;1;1;1;1;1;1;1;1;1;2;52;29;14;33;0;1;3;35;52;30;17
"81";33475;5;"4";NA;11;NA;"1";"0";1;1;1;1;1;1;1;1;1;1;1;1;1;0;1;1;0;1;1;1;1;0;1;0;1;1;1;1;1;1;1;1;1;1;1;1;1;1;1;1;1;1;1;1;1;1;1;1;0;0;1;1;1;1;0;1;1;1;1;1;1;1;1;1;1;0;1;1;1;0;1;1;1;0;0;1;1;1;1;1;1;0;NA;NA;NA;NA;NA;NA;NA;NA;NA;NA;NA;NA;NA;NA;NA;NA;NA;NA;NA;1;1;1;1;1;1;1;1;1;1;0;1;1;1;0;1;0;1;NA;1;1;1;1;0;1;1;1;1;0;1;1;1;0;NA;0;1;1;NA;0;1;1;1;1;0;1;1;1;0;1;1;0;32;37;26;12;3;11;4;5;35;48;30;17
"82";33470;5;"4";NA;10;NA;"1";"0";1;0;0;1;0;0;1;0;1;1;1;0;0;0;0;0;0;0;1;0;1;1;1;0;1;1;0;1;0;0;1;0;1;0;0;0;1;0;1;0;0;1;1;0;0;1;1;1;0;0;1;1;1;1;1;0;0;1;1;0;0;1;1;0;0;0;0;1;0;0;0;1;1;0;0;0;0;0;1;0;1;1;1;0;0;0;0;0;0;0;0;0;0;0;0;0;0;0;0;0;0;0;1;0;0;0;1;0;1;0;1;1;1;1;1;0;1;0;0;1;1;0;1;1;1;1;0;0;0;1;0;1;1;1;1;0;0;0;1;0;1;0;0;0;0;1;0;0;1;1;1;1;18;27;13;7;17;25;17;28;35;52;30;35
"83";33474;5;"4";NA;10;NA;"1";"0";1;1;0;1;0;1;1;1;1;1;1;0;1;0;1;1;1;1;1;1;1;1;1;1;1;1;1;1;1;0;1;1;1;0;0;0;1;0;1;0;0;1;0;0;0;0;1;1;0;0;1;1;1;1;1;0;1;1;1;1;0;0;0;0;0;0;1;1;1;1;1;1;1;1;0;1;1;1;1;1;1;0;1;0;0;1;1;1;0;0;1;1;1;NA;NA;NA;NA;NA;NA;NA;1;NA;1;1;0;NA;1;NA;NA;1;1;NA;NA;0;1;1;NA;0;1;NA;1;NA;NA;0;1;NA;NA;0;NA;0;1;1;0;0;NA;NA;NA;NA;1;NA;1;0;NA;NA;0;NA;1;1;1;1;1;0;17;20;25;21;18;11;5;7;35;31;30;28
"84";33466;5;"4";NA;10;NA;"3";"0";1;1;1;1;1;1;1;0;1;1;1;1;1;0;1;0;1;1;1;1;1;0;1;1;0;1;1;1;1;1;1;1;1;1;0;1;1;1;1;1;1;1;1;1;1;1;1;1;1;1;1;1;1;1;0;1;1;1;0;1;1;1;1;1;0;1;1;1;1;1;1;1;1;0;0;0;1;0;0;1;1;1;0;NA;NA;NA;NA;NA;NA;NA;NA;NA;NA;NA;NA;NA;NA;NA;NA;NA;1;0;1;1;1;1;1;1;1;1;NA;1;1;1;1;0;1;1;1;1;1;1;1;1;1;NA;NA;1;1;0;1;1;0;1;1;1;1;1;1;0;1;1;0;1;1;1;1;1;1;1;1;1;31;43;25;12;4;6;5;6;35;49;30;18
"85";33482;4;"3";NA;9;NA;"3";"0";1;1;1;1;0;1;1;0;1;1;1;1;1;1;1;1;1;1;1;1;1;1;1;1;1;1;1;1;1;0;1;1;1;0;1;0;1;0;1;0;0;1;1;0;0;1;1;1;0;0;1;1;1;1;0;1;0;1;1;1;0;1;1;0;0;0;1;1;1;1;1;1;1;0;1;0;1;1;1;1;1;1;1;1;0;NA;NA;NA;NA;NA;NA;NA;NA;NA;NA;NA;NA;NA;NA;NA;1;1;1;0;1;1;1;1;1;1;0;1;1;1;1;1;1;1;1;1;1;1;1;1;0;1;1;0;1;0;1;1;1;1;1;0;1;1;1;0;1;1;1;1;1;1;1;1;1;1;0;1;21;44;27;16;14;8;3;4;35;52;30;20
"86";33478;4;"3";NA;9;NA;"3";"0";1;1;1;1;1;1;1;1;1;1;1;1;1;1;1;1;1;1;1;1;1;1;1;1;1;1;1;1;1;1;1;0;1;1;1;1;1;1;1;0;1;1;1;1;1;1;1;1;0;0;1;1;0;1;0;0;0;1;1;1;0;1;1;0;1;1;1;1;1;0;1;1;1;0;0;1;1;0;1;1;NA;NA;NA;NA;NA;NA;NA;NA;NA;NA;NA;NA;NA;NA;NA;NA;NA;NA;NA;NA;1;0;1;1;1;1;1;0;1;1;1;0;1;1;1;1;1;1;1;1;1;1;1;1;1;1;1;1;1;1;1;0;1;1;1;0;1;1;1;1;0;1;1;1;1;1;1;1;1;1;1;1;25;46;30;11;10;6;0;4;35;52;30;15
"87";33483;4;"3";NA;9;NA;"3";"0";1;1;1;1;1;1;1;1;1;1;1;1;1;0;1;1;1;1;1;1;1;1;1;1;1;1;1;1;1;0;1;0;1;1;0;1;1;1;1;1;1;1;1;1;1;1;1;1;0;1;1;1;1;1;0;1;0;0;1;1;0;1;1;1;0;0;1;0;1;0;1;1;1;1;1;1;1;0;1;1;0;1;1;0;0;1;1;0;1;NA;NA;NA;NA;NA;NA;NA;NA;NA;NA;NA;1;1;1;1;1;1;1;1;1;1;1;1;1;1;1;1;1;1;1;1;1;1;1;1;1;1;1;1;1;0;1;1;1;1;1;1;1;1;1;1;0;0;1;1;1;1;1;1;1;1;1;1;27;49;28;16;8;3;2;8;35;52;30;24
"88";33487;4;"3";NA;9;NA;"1";"0";1;1;1;1;1;1;0;0;0;1;1;1;1;0;1;0;1;1;1;1;1;1;0;0;0;1;1;1;1;1;1;1;1;0;1;1;1;1;1;1;1;1;1;1;1;1;1;1;0;1;1;1;1;1;1;1;0;1;1;1;1;1;1;1;1;1;1;1;1;0;1;1;1;0;0;1;1;0;1;1;1;1;0;0;0;1;NA;NA;NA;NA;NA;NA;NA;NA;NA;NA;NA;NA;NA;NA;1;1;1;1;1;1;1;1;1;1;0;1;1;1;1;1;1;1;1;1;1;1;1;1;1;1;1;0;1;0;1;1;1;1;1;1;1;1;1;0;1;0;1;1;1;1;1;1;1;1;1;0;32;46;22;14;3;6;8;7;35;52;30;21
"89";33489;4;"3";NA;9;NA;"3";"0";1;1;1;1;1;1;1;1;1;1;1;1;1;0;1;1;1;1;1;1;1;1;1;1;1;1;1;1;1;0;1;0;1;1;1;1;1;1;1;0;1;1;0;1;0;0;1;1;1;1;1;1;1;1;1;1;0;1;1;1;1;1;1;1;0;1;1;1;1;0;1;1;1;0;1;1;1;1;1;0;0;1;1;1;NA;NA;NA;NA;NA;NA;NA;NA;NA;NA;NA;NA;NA;NA;NA;NA;1;1;1;0;0;1;1;1;1;1;1;1;1;1;1;1;1;1;1;1;1;1;1;1;1;1;1;1;1;0;1;1;1;1;0;1;1;1;1;1;1;1;1;1;1;1;1;1;1;1;1;1;28;48;28;15;7;4;2;4;35;52;30;19
"90";33485;4;"3";NA;9;NA;"3";"0";0;0;1;1;1;1;1;0;1;1;0;0;0;0;0;0;0;1;1;0;1;1;1;1;0;1;1;0;1;0;1;1;1;0;0;1;1;0;1;0;1;0;0;1;0;0;0;1;0;0;0;0;0;0;0;0;1;1;1;0;0;0;0;1;0;0;0;1;0;0;0;0;0;0;0;1;0;0;0;0;0;0;0;1;0;1;1;0;0;0;1;0;1;0;0;1;0;0;0;1;0;1;0;0;0;1;1;1;0;1;1;1;1;0;1;0;0;1;0;0;1;1;0;0;0;1;1;0;1;0;1;0;1;0;1;1;1;1;1;1;1;0;0;0;1;0;1;0;0;0;0;1;13;27;16;9;22;25;14;26;35;52;30;35
"91";33480;4;"3";NA;9;NA;"3";"0";1;1;1;1;1;1;1;1;1;1;1;1;1;1;1;1;1;1;1;1;1;1;1;1;1;1;1;1;1;0;1;0;1;1;0;1;1;1;1;0;1;1;1;0;1;0;1;1;1;1;1;1;1;1;0;1;1;1;1;1;1;1;1;1;0;0;0;0;1;1;1;0;0;1;1;1;1;1;1;1;0;1;0;0;NA;NA;NA;NA;NA;NA;NA;NA;NA;NA;NA;NA;NA;NA;NA;NA;1;1;1;1;1;1;1;1;1;1;1;1;1;1;1;1;1;0;1;1;1;1;1;1;1;1;1;1;1;0;1;0;0;1;0;0;1;1;0;0;1;0;0;1;1;1;1;1;1;1;1;0;28;41;29;11;7;11;1;8;35;52;30;19
"92";33484;4;"3";NA;10;NA;"1";"0";1;1;1;1;1;0;0;1;1;1;1;1;1;0;1;0;1;1;1;1;1;0;1;0;1;1;1;1;1;1;1;1;1;0;1;1;1;1;1;1;1;1;0;0;1;0;1;1;0;1;1;1;0;1;0;1;1;1;1;1;1;1;1;0;1;0;0;0;1;0;1;1;1;0;NA;NA;NA;NA;NA;NA;NA;NA;NA;NA;NA;NA;NA;NA;NA;NA;NA;NA;NA;NA;NA;NA;NA;NA;NA;NA;1;1;1;1;1;1;1;1;0;1;NA;1;NA;0;1;1;NA;NA;0;1;1;NA;1;1;0;1;0;1;1;0;1;1;0;1;1;NA;NA;1;1;0;0;0;NA;0;1;0;1;0;0;NA;1;NA;27;28;24;4;8;14;6;5;35;42;30;9
"93";33599;2;"2";NA;7;"0";"0";"0";1;1;1;1;1;1;1;1;1;1;1;1;1;1;1;1;1;1;1;1;1;1;1;1;1;1;1;1;1;1;1;1;1;1;1;1;1;1;1;0;0;1;1;1;1;1;1;1;0;1;1;1;1;1;0;1;1;1;1;1;1;1;1;1;1;1;1;1;1;1;1;1;1;1;1;1;0;1;1;0;1;1;0;1;1;1;1;1;1;1;0;1;1;1;1;1;0;NA;NA;NA;1;1;1;1;1;1;1;1;1;1;1;1;1;1;1;1;1;1;1;1;1;1;1;1;1;1;1;1;1;1;1;1;1;1;1;1;1;1;1;1;1;1;1;1;1;1;1;1;1;1;1;1;31;52;30;27;4;0;0;5;35;52;30;32
"94";33614;2;"2";NA;7;"1";"0";"0";1;1;1;1;1;1;1;1;1;0;1;1;1;0;1;1;1;1;1;1;0;0;0;0;1;1;0;1;0;1;1;0;1;0;1;1;1;0;0;0;0;1;0;1;0;0;0;0;0;0;1;1;0;0;0;1;1;0;1;1;0;0;0;1;0;1;0;0;0;0;0;0;0;0;0;0;0;0;1;0;0;1;0;0;0;0;0;1;0;0;0;0;0;1;0;0;0;1;0;0;0;1;0;1;0;1;0;1;0;1;1;1;1;0;1;1;1;0;0;1;0;0;0;1;0;1;0;1;0;0;1;0;0;1;1;0;1;1;0;0;0;0;1;0;1;0;1;1;0;0;0;1;14;25;22;6;21;27;8;29;35;52;30;35
"95";33613;2;"2";NA;7;"1";"0";"0";1;1;1;1;1;1;1;1;1;1;1;1;1;1;1;1;1;1;1;1;1;1;1;1;1;1;1;1;1;1;1;1;1;0;0;1;1;1;1;1;1;1;1;1;1;1;1;1;0;1;1;1;1;1;1;1;1;1;1;1;1;1;1;1;1;0;1;1;1;0;1;1;0;0;0;1;0;0;1;0;0;1;1;1;1;NA;NA;NA;NA;NA;NA;NA;NA;NA;NA;NA;NA;NA;NA;NA;1;1;1;1;1;1;1;1;1;1;1;1;1;1;1;1;1;1;1;1;1;1;1;1;1;1;1;1;1;0;1;1;1;1;1;1;1;1;1;1;1;1;1;1;1;1;1;1;1;1;1;1;32;51;30;11;3;1;0;9;35;52;30;20
"96";33615;2;"2";NA;8;"0";"0";"0";1;1;1;1;1;1;0;1;1;1;1;1;1;1;1;1;1;1;1;1;1;1;1;1;1;1;1;1;1;1;1;1;1;1;1;1;1;1;1;1;1;1;1;0;1;1;1;1;0;1;1;1;1;1;1;1;1;1;1;1;1;1;1;1;0;0;1;1;1;1;1;1;1;1;1;1;1;1;1;1;1;1;1;0;1;NA;NA;NA;NA;NA;NA;NA;NA;NA;NA;NA;NA;NA;NA;NA;1;1;1;1;1;1;1;1;1;1;1;1;1;1;1;1;1;1;1;1;1;1;0;1;1;1;1;1;1;0;1;1;1;1;1;1;1;1;1;1;0;1;1;1;1;1;1;1;1;1;1;1;32;49;29;18;3;3;1;2;35;52;30;20
"97";33618;2;"2";NA;NA;"0";"0";"0";1;1;1;1;1;1;1;1;1;1;0;1;1;1;1;1;1;1;1;1;1;1;1;1;1;1;1;1;1;1;1;1;1;1;1;1;1;1;1;1;1;1;1;1;1;1;1;1;1;1;1;1;1;1;1;1;1;1;1;1;1;1;1;NA;NA;0;0;0;1;1;1;1;0;0;1;1;1;0;0;1;0;1;0;0;1;1;0;1;1;1;1;1;1;NA;NA;NA;NA;NA;NA;NA;1;0;1;1;0;0;0;1;1;1;0;0;1;1;1;0;0;1;1;1;1;0;0;0;1;1;1;0;0;0;1;0;1;1;0;0;1;1;0;0;0;0;1;1;0;0;1;1;1;1;0;0;33;27;29;17;0;25;1;11;33;52;30;28
"98";33593;2;"2";NA;7;"0";"0";"0";1;1;1;1;1;1;1;1;1;1;1;1;1;1;1;1;1;1;1;1;1;1;1;1;1;1;1;1;1;1;1;1;1;1;1;1;1;1;1;1;1;1;1;1;1;1;1;1;1;1;1;1;1;1;1;1;1;1;1;1;1;NA;NA;NA;NA;1;1;1;1;0;1;1;1;1;1;1;1;1;1;1;0;1;1;0;NA;NA;NA;NA;NA;NA;NA;NA;NA;NA;NA;NA;NA;NA;NA;NA;1;1;NA;NA;0;NA;NA;1;NA;1;NA;NA;NA;1;1;1;0;1;1;1;1;1;NA;1;1;NA;1;0;NA;NA;NA;NA;1;1;NA;NA;NA;NA;NA;1;0;0;1;1;1;1;NA;NA;NA;1;NA;1;31;24;30;16;0;5;0;3;31;29;30;19
"99";33610;2;"2";NA;7;"1";"0";"0";1;1;1;1;1;1;1;1;1;1;1;1;1;1;1;1;1;1;1;1;1;1;1;1;1;0;1;1;0;1;1;1;1;1;1;1;1;1;1;1;1;1;1;1;1;1;1;1;1;1;1;1;1;1;1;1;1;1;1;1;1;1;1;1;1;0;1;1;0;0;1;0;0;1;0;1;0;1;0;0;0;1;0;0;1;1;1;1;0;1;1;0;0;1;1;1;1;1;0;1;1;1;1;1;0;0;0;1;1;1;0;1;1;1;0;0;0;0;1;1;1;0;0;0;1;1;1;0;0;0;1;0;1;1;0;0;1;1;0;0;0;0;1;1;1;0;1;1;1;1;0;0;35;28;28;19;0;24;2;16;35;52;30;35
"100";33607;2;"2";NA;7;"1";"0";"0";1;1;1;1;1;1;1;1;1;1;1;1;1;1;1;1;1;1;1;1;1;1;1;1;1;1;1;1;1;1;0;1;1;1;1;1;1;1;1;1;1;1;1;1;1;1;1;1;1;1;1;1;0;1;1;1;0;1;1;1;1;1;1;1;1;1;1;1;1;1;1;1;0;1;0;1;1;1;1;1;0;0;1;1;NA;NA;NA;NA;NA;NA;NA;NA;NA;NA;NA;NA;NA;NA;NA;NA;1;1;0;0;1;1;1;0;0;1;1;1;0;0;1;1;1;0;1;1;1;1;1;1;0;1;0;1;1;1;1;1;0;1;0;1;1;0;1;1;1;1;0;0;1;1;0;1;0;0;1;1;32;35;30;15;3;17;0;4;35;52;30;19
"101";33600;2;"2";NA;7;"1";"0";"0";1;1;1;1;1;1;1;0;1;1;1;1;1;0;1;1;1;1;1;1;1;1;1;1;0;1;1;1;1;0;1;1;1;1;1;1;1;1;1;1;1;1;1;1;1;1;1;1;0;1;1;1;1;1;1;1;0;1;1;1;1;1;1;NA;NA;1;1;1;1;0;1;1;1;0;0;1;1;0;0;1;0;1;0;0;0;0;0;1;0;0;1;1;0;0;1;0;1;NA;NA;NA;1;1;1;1;1;1;1;1;1;1;1;1;1;1;1;1;1;1;1;1;1;1;1;1;1;1;1;1;1;0;1;1;1;1;1;1;1;1;1;1;1;1;1;1;1;1;1;1;1;1;1;1;31;51;26;16;2;1;4;16;33;52;30;32
"102";33603;2;"2";NA;8;"0";"0";"0";1;1;1;1;1;1;1;1;1;1;1;1;1;0;1;1;1;1;1;1;1;1;1;1;1;1;1;1;1;1;1;1;1;1;1;1;1;1;1;1;1;1;1;1;1;1;1;1;1;1;1;1;1;1;1;1;1;1;1;1;1;1;1;1;1;1;1;1;0;1;1;1;1;1;1;1;1;1;1;1;0;1;NA;NA;NA;NA;NA;NA;NA;NA;NA;NA;NA;NA;NA;NA;NA;NA;NA;NA;1;1;0;0;1;1;NA;1;1;1;1;1;1;1;1;1;1;1;1;NA;0;1;1;1;1;NA;1;1;1;NA;1;1;1;1;1;1;1;NA;1;NA;0;1;1;1;1;1;1;1;1;NA;1;1;35;41;29;15;0;4;1;2;35;45;30;17
"103";33597;2;"2";NA;7;"0";"0";"0";1;1;0;0;0;1;1;0;1;0;1;1;1;1;1;1;0;1;0;1;1;1;1;0;1;1;1;1;1;1;1;0;0;0;0;1;1;0;1;0;NA;NA;NA;NA;NA;NA;NA;NA;NA;NA;NA;NA;NA;NA;NA;NA;NA;NA;NA;NA;NA;NA;NA;NA;NA;1;1;0;0;1;1;1;1;1;1;0;1;0;0;0;0;0;1;0;0;1;0;0;0;0;0;NA;NA;NA;NA;NA;NA;NA;NA;NA;1;1;1;1;1;1;1;1;0;1;1;1;1;1;1;1;1;0;0;1;1;0;0;1;0;1;1;1;1;1;1;0;1;0;1;1;1;1;1;1;0;1;1;1;0;0;1;1;1;1;1;0;4;40;22;11;6;12;8;15;10;52;30;26
"104";33592;3;"2";NA;8;"1";"1";"0";0;1;1;0;0;1;0;0;0;1;1;0;1;1;0;0;0;1;0;0;1;0;1;1;0;1;1;1;1;0;1;1;1;0;1;0;0;0;1;1;1;1;0;0;0;1;1;1;1;1;1;NA;NA;NA;NA;NA;NA;NA;NA;NA;NA;NA;NA;NA;NA;0;0;1;0;1;1;0;1;1;0;0;0;0;0;0;0;0;0;0;0;1;0;0;0;0;1;1;0;NA;NA;NA;NA;NA;NA;NA;1;NA;1;NA;NA;1;NA;0;NA;1;NA;NA;0;1;1;0;NA;NA;0;NA;NA;0;NA;NA;NA;0;1;0;0;NA;NA;1;NA;1;NA;1;NA;NA;1;NA;0;1;NA;NA;0;NA;NA;1;NA;NA;NA;NA;14;13;15;8;7;10;15;20;21;23;30;28
"105";33598;2;"2";NA;7;"0";"0";"0";1;0;1;0;0;1;0;1;0;1;0;0;0;0;0;0;0;0;0;0;1;0;1;0;0;0;1;0;0;0;1;0;1;1;1;1;1;1;1;1;1;1;0;1;1;1;1;1;1;1;1;1;1;1;0;1;1;1;1;1;1;1;1;1;1;1;1;1;1;1;1;1;0;1;0;1;1;1;1;1;NA;NA;NA;NA;NA;NA;NA;NA;NA;NA;NA;NA;NA;NA;NA;NA;NA;NA;NA;NA;1;1;1;1;1;1;1;1;1;1;1;1;1;1;1;1;1;1;1;1;1;1;1;1;1;1;1;1;1;0;1;1;1;1;1;1;1;1;1;1;1;1;1;1;1;1;1;1;1;1;1;1;32;51;8;13;3;1;22;2;35;52;30;15
"106";33605;2;"2";NA;8;"0";"0";"0";1;1;1;1;1;1;1;1;1;1;1;1;1;1;1;1;0;1;1;1;1;1;1;1;1;1;1;1;1;0;1;1;1;1;1;1;1;1;1;1;1;1;1;1;1;1;1;1;1;1;1;1;1;1;0;1;1;NA;NA;NA;NA;NA;NA;NA;NA;1;1;1;1;0;1;1;1;0;1;1;1;0;1;1;1;1;1;NA;NA;NA;NA;NA;NA;NA;NA;NA;NA;NA;NA;NA;NA;NA;NA;NA;1;1;1;1;1;0;1;1;0;1;0;0;1;1;1;1;0;1;1;1;1;1;1;1;1;1;1;0;0;0;1;0;1;1;1;NA;1;1;0;1;0;1;1;1;0;1;1;1;1;NA;1;1;26;38;28;15;1;12;2;3;27;50;30;18
"107";33596;2;"2";NA;7;"1";"0";"0";1;1;1;1;1;1;1;1;1;1;1;1;1;1;1;1;1;1;1;1;1;1;1;1;1;1;1;1;1;1;1;1;1;1;1;1;1;1;1;1;1;1;1;1;1;1;1;1;1;1;1;1;1;1;1;1;1;1;1;1;1;1;1;1;0;1;1;1;1;0;1;1;1;1;1;1;1;1;1;1;1;1;1;1;1;NA;NA;NA;NA;NA;NA;NA;NA;NA;NA;NA;NA;NA;NA;NA;1;1;1;1;1;1;1;1;1;1;1;1;1;1;1;1;1;1;1;1;1;1;1;1;1;1;1;1;1;1;1;1;1;1;1;1;1;1;1;1;1;0;1;1;1;1;1;1;1;1;1;1;34;51;30;19;1;1;0;1;35;52;30;20
"108";33591;2;"2";NA;7;"1";"0";"0";1;1;1;0;0;0;0;1;0;1;0;1;0;1;1;0;0;1;1;0;1;1;1;0;0;1;0;1;1;1;1;0;1;1;0;0;1;0;1;0;1;1;1;0;0;0;1;1;0;0;1;1;0;1;1;0;0;1;1;1;0;0;1;1;1;0;0;1;1;0;1;0;1;0;0;0;1;1;0;1;0;0;1;1;0;1;0;0;0;0;1;0;0;1;0;1;1;0;0;1;1;0;1;1;1;0;0;1;1;1;0;1;1;0;1;0;1;0;1;1;0;0;0;1;1;1;1;0;0;1;1;0;1;1;0;1;1;1;1;1;0;0;1;1;1;1;1;1;1;0;0;0;20;33;17;15;15;19;13;20;35;52;30;35
"109";33602;2;"2";NA;7;"1";"0";"0";0;1;1;0;1;1;1;0;1;1;1;1;1;1;1;1;1;1;0;1;1;1;1;1;0;1;1;1;1;0;1;1;1;0;1;1;1;1;1;1;1;1;1;1;1;0;1;1;1;1;1;1;1;1;0;1;1;1;1;1;1;1;1;1;NA;0;1;1;0;0;0;1;0;0;0;1;0;0;0;0;0;0;0;0;0;0;0;0;0;0;1;0;0;1;1;0;1;0;0;0;1;0;1;1;0;0;0;1;1;1;0;0;1;1;1;0;0;0;1;1;1;0;0;0;1;1;1;0;0;0;1;0;1;1;0;0;1;1;0;0;0;0;1;1;0;0;1;1;1;1;0;0;31;26;24;8;3;26;6;27;34;52;30;35
"110";33609;2;"2";NA;8;"0";"0";"0";1;1;1;1;1;1;1;1;1;1;1;1;1;1;1;1;1;1;1;1;1;1;1;1;1;1;1;1;1;1;1;0;1;1;1;1;1;1;1;1;1;1;1;1;1;1;1;1;1;1;1;1;0;1;1;1;1;1;1;1;1;1;1;NA;NA;1;1;1;1;1;1;1;1;1;1;1;1;1;1;0;NA;NA;NA;NA;NA;NA;NA;NA;NA;NA;NA;NA;NA;NA;NA;NA;NA;NA;NA;NA;1;1;1;1;1;1;1;1;1;1;1;1;1;1;1;1;0;1;1;1;1;1;1;1;1;1;1;1;1;0;1;1;1;1;1;1;1;1;1;1;0;1;0;1;1;1;1;1;1;1;1;1;31;48;30;14;2;4;0;1;33;52;30;15
"111";33612;2;"2";NA;8;"1";"0";"0";0;0;1;1;1;1;1;1;1;1;1;0;1;0;1;1;1;1;1;1;1;1;1;0;0;0;1;1;1;0;1;0;0;0;0;1;1;0;1;0;NA;NA;NA;NA;NA;NA;NA;NA;NA;NA;NA;NA;NA;NA;NA;NA;NA;NA;NA;NA;NA;NA;NA;NA;NA;0;1;1;0;0;1;1;0;0;0;NA;NA;NA;NA;NA;NA;NA;NA;NA;NA;NA;NA;NA;NA;NA;NA;NA;NA;NA;NA;NA;NA;NA;NA;NA;1;NA;NA;1;1;1;1;NA;1;1;1;1;1;1;1;1;1;1;1;1;NA;1;1;1;0;1;0;1;1;1;1;1;1;1;1;NA;1;0;1;1;NA;1;0;1;1;NA;0;NA;1;1;1;1;4;39;22;4;6;5;8;6;10;44;30;10
"112";33604;2;"2";NA;7;"0";"0";"0";1;0;1;1;1;1;0;0;1;1;1;1;1;0;1;0;1;1;1;1;1;0;1;1;0;1;0;1;1;1;1;0;1;1;1;1;1;1;NA;NA;NA;NA;NA;NA;NA;NA;NA;NA;NA;NA;NA;NA;NA;NA;NA;NA;NA;NA;NA;NA;NA;NA;NA;NA;NA;0;1;1;0;0;1;1;1;0;1;NA;NA;NA;NA;NA;NA;NA;NA;NA;NA;NA;NA;NA;NA;NA;NA;NA;NA;NA;NA;NA;NA;NA;NA;NA;1;1;1;0;NA;NA;1;1;NA;1;1;1;1;1;1;1;NA;1;1;NA;1;0;NA;1;0;NA;NA;1;NA;1;1;1;1;0;1;1;1;1;1;1;1;1;NA;1;1;1;NA;1;NA;1;NA;0;7;34;22;6;1;5;8;4;8;39;30;10
"113";33611;2;"2";NA;7;"1";"0";"0";0;1;1;1;0;0;0;1;1;1;1;1;1;1;1;1;1;1;1;1;1;0;1;1;0;1;1;1;1;1;1;1;1;1;1;1;1;1;1;1;1;1;0;1;1;0;1;1;1;1;1;1;1;NA;NA;NA;NA;NA;NA;NA;NA;NA;NA;NA;NA;0;0;0;1;0;1;1;1;0;NA;NA;NA;NA;NA;NA;NA;NA;NA;NA;NA;NA;NA;NA;NA;NA;NA;NA;NA;NA;NA;NA;NA;NA;NA;NA;NA;1;NA;NA;NA;1;NA;NA;NA;1;1;1;1;0;1;NA;NA;NA;1;NA;NA;NA;NA;1;0;1;1;0;1;0;NA;NA;1;1;1;1;1;NA;1;1;NA;NA;1;1;1;NA;NA;NA;1;1;NA;0;21;24;24;4;2;5;6;5;23;29;30;9
"114";33606;2;"2";NA;7;"1";"0";"0";1;1;1;1;1;1;1;1;1;1;1;1;1;1;1;1;0;1;1;1;1;1;1;1;1;1;1;1;1;1;1;1;1;1;1;1;1;1;1;1;1;1;1;1;1;1;1;1;1;1;1;1;1;1;1;1;1;1;1;1;1;1;1;1;0;1;1;1;1;0;1;1;1;1;1;1;1;1;1;1;1;1;1;1;0;1;1;1;NA;NA;NA;NA;NA;NA;NA;NA;NA;NA;NA;NA;1;1;1;1;1;1;1;1;0;1;1;1;1;1;1;1;1;1;1;1;1;1;1;1;1;1;1;1;1;0;1;1;1;1;1;1;1;1;1;1;1;1;1;1;1;1;1;1;1;1;1;1;34;50;29;21;1;2;1;2;35;52;30;23
"115";33594;2;"2";NA;7;"1";"0";"1";0;1;1;1;1;0;0;1;1;0;1;1;1;0;0;0;1;1;1;1;1;1;0;0;0;1;1;1;0;1;1;0;0;1;0;1;0;0;1;0;0;0;0;0;1;0;0;0;0;0;0;1;0;0;NA;NA;NA;NA;NA;NA;NA;NA;NA;NA;NA;0;0;1;0;1;1;0;0;0;0;1;0;1;0;0;0;1;0;0;0;0;0;0;1;0;0;1;0;0;NA;NA;NA;NA;NA;NA;1;0;1;1;0;0;0;1;1;1;0;0;1;1;1;0;0;0;1;1;1;0;0;0;1;1;1;0;0;0;1;0;1;1;0;0;1;1;0;1;1;0;1;1;0;0;1;1;1;1;0;0;6;28;19;8;18;24;11;21;24;52;30;29
"116";33636;2;"2";NA;8;"0";"0";"0";1;1;1;1;1;1;1;1;1;1;1;1;1;1;1;1;1;1;1;1;1;1;1;1;1;1;1;1;1;1;1;1;1;0;1;1;1;1;1;1;1;1;1;0;1;1;1;1;0;0;1;1;1;1;1;1;1;1;1;1;1;1;0;1;1;0;1;1;1;1;1;1;1;0;1;1;1;1;1;0;0;1;1;1;1;1;1;NA;NA;NA;NA;NA;NA;NA;NA;NA;NA;NA;NA;NA;1;1;1;1;1;1;1;1;1;1;1;1;1;1;1;1;1;1;1;1;1;1;1;1;1;1;1;1;1;0;1;1;1;1;1;1;1;1;1;1;1;1;1;1;1;1;1;1;1;1;1;1;30;51;30;18;5;1;0;4;35;52;30;22
"117";33634;2;"2";NA;8;"1";"0";"0";1;1;1;0;1;1;1;1;1;1;1;1;1;1;1;1;1;1;1;1;1;1;1;1;1;1;1;1;1;1;1;1;1;1;1;1;1;1;1;0;1;1;1;1;1;1;1;1;0;1;1;1;1;1;1;1;1;1;1;1;1;1;1;1;0;0;1;1;1;0;1;1;1;1;1;1;1;1;1;1;1;1;1;0;1;1;1;1;1;1;1;1;NA;NA;NA;NA;NA;NA;NA;NA;1;1;1;1;1;1;1;1;1;1;1;1;1;1;1;1;1;1;1;1;0;1;1;1;1;1;1;1;1;1;1;1;1;1;1;1;1;1;1;1;0;1;1;1;1;1;1;1;1;1;1;1;32;50;29;24;3;2;1;3;35;52;30;27
"118";33649;2;"2";NA;7;"0";"0";"0";1;1;1;1;1;1;0;1;1;1;0;1;1;0;1;1;0;1;1;1;1;1;1;1;1;0;1;1;1;1;1;0;0;0;0;1;0;0;1;0;0;0;0;1;1;0;0;0;0;0;0;0;0;0;0;0;0;0;0;0;0;0;0;0;0;1;1;0;1;0;1;1;1;0;0;1;1;1;1;0;0;1;0;0;0;1;0;0;NA;NA;NA;NA;NA;NA;NA;NA;NA;NA;NA;NA;1;1;1;1;1;1;1;1;1;1;1;1;1;1;1;1;0;0;0;1;1;1;1;1;1;1;1;1;1;0;1;1;1;0;1;1;1;0;0;1;1;1;1;1;1;1;1;1;1;1;1;1;5;45;25;12;30;7;5;11;35;52;30;23
"119";33646;2;"2";NA;7;"0";"0";"0";1;1;1;1;1;1;1;1;1;1;1;1;1;0;1;1;1;1;1;1;1;1;1;1;1;1;1;1;1;1;1;1;1;1;1;1;1;0;1;1;1;1;1;1;1;1;1;1;1;1;1;1;1;1;1;1;1;1;1;1;1;1;1;1;1;1;1;1;0;0;1;1;1;0;1;1;1;1;0;NA;NA;NA;NA;NA;NA;NA;NA;NA;NA;NA;NA;NA;NA;NA;NA;NA;NA;NA;NA;NA;1;1;1;1;1;1;1;1;1;1;1;1;1;1;1;1;0;1;1;1;1;1;1;1;1;1;1;1;1;0;1;1;1;1;1;1;1;1;1;1;1;1;0;1;1;1;1;1;1;1;1;0;34;48;29;10;1;4;1;4;35;52;30;14
"120";33648;2;"2";NA;7;"0";"0";"0";1;1;1;1;1;1;1;1;1;1;1;0;1;0;1;1;1;0;1;1;1;1;1;1;1;1;1;1;1;1;1;1;1;0;1;1;1;0;1;1;1;1;1;0;1;1;1;1;0;0;1;1;1;1;1;0;0;1;1;1;1;1;1;1;0;1;1;1;1;0;1;0;0;1;0;1;1;1;0;1;1;1;1;1;0;1;1;0;0;0;1;0;0;0;0;1;0;0;0;0;0;0;1;1;0;1;1;1;1;1;0;0;1;1;1;1;1;0;1;0;1;0;0;1;1;1;1;0;0;0;1;1;1;1;0;0;1;1;1;0;0;1;1;1;0;1;1;0;1;1;0;0;27;32;27;18;8;20;3;17;35;52;30;35
"121";33641;2;"2";NA;7;"1";"0";"0";1;1;1;0;0;1;1;0;1;1;1;1;1;1;1;1;0;1;1;1;1;0;1;0;1;1;1;1;0;1;1;0;0;0;0;1;0;0;1;0;0;0;0;0;1;0;0;1;1;1;0;1;0;0;0;0;1;0;1;NA;NA;NA;NA;NA;NA;0;0;0;0;0;0;0;1;1;0;0;0;0;0;0;0;0;0;0;1;0;0;0;0;0;1;1;0;0;0;0;1;0;0;0;1;1;1;1;0;1;1;1;0;0;0;1;1;0;0;1;1;0;1;1;1;1;0;1;0;0;1;1;1;1;1;1;1;1;0;1;1;1;1;0;1;0;1;1;0;0;1;1;0;1;1;1;10;36;23;6;19;16;7;29;29;52;30;35
"122";33642;2;"2";NA;7;"1";"0";"0";1;1;1;1;1;1;1;0;1;1;1;1;1;0;1;0;1;1;1;0;1;1;1;1;0;1;1;1;1;1;1;1;1;1;1;1;1;1;1;1;1;1;1;1;0;1;1;1;0;0;1;1;1;1;1;0;0;1;1;1;0;1;1;0;0;0;1;0;1;1;1;1;0;0;0;1;1;1;0;0;NA;NA;NA;NA;NA;NA;NA;NA;NA;NA;NA;NA;NA;NA;NA;NA;NA;NA;NA;NA;1;1;1;1;1;1;1;1;1;1;1;1;1;1;1;1;1;1;1;1;1;0;1;1;1;1;1;1;1;1;1;0;1;1;0;1;1;1;1;1;1;1;0;1;1;1;1;0;1;1;1;1;27;47;25;8;8;5;5;7;35;52;30;15
"123";33640;2;"2";NA;7;"1";"0";"0";1;1;1;1;1;1;1;1;1;1;1;1;0;1;1;1;1;1;1;1;1;1;1;1;1;1;1;1;1;1;1;1;1;1;1;1;1;1;1;1;1;1;0;1;1;0;1;1;1;1;1;1;1;1;0;1;1;1;1;1;1;1;1;1;1;1;1;1;1;1;1;1;1;0;1;1;1;1;1;0;0;1;1;0;0;NA;NA;NA;NA;NA;NA;NA;NA;NA;NA;NA;NA;NA;NA;NA;1;1;0;0;1;1;1;1;1;1;1;1;NA;1;1;1;NA;1;1;1;1;1;1;1;1;1;1;1;0;0;1;NA;1;1;1;1;1;1;1;1;1;0;1;1;1;1;1;1;1;1;1;1;32;44;29;15;3;5;1;5;35;49;30;20
"124";33635;1;"2";NA;6;"0";"0";"0";1;1;1;0;0;1;1;0;1;1;1;1;1;1;1;1;1;1;1;1;1;1;1;1;0;1;1;1;1;0;1;1;1;1;1;1;1;1;1;1;1;1;1;1;1;1;1;1;0;1;1;1;1;1;1;1;0;1;1;1;1;1;1;1;0;0;0;1;0;0;1;1;1;1;0;1;0;1;0;NA;NA;NA;NA;NA;NA;NA;NA;NA;NA;NA;NA;NA;NA;NA;NA;NA;NA;NA;NA;NA;1;0;NA;0;1;1;1;1;1;1;1;1;1;1;1;NA;NA;1;1;1;NA;1;1;1;1;1;1;1;1;0;1;1;NA;1;1;1;1;1;1;1;NA;1;1;1;NA;1;1;1;1;1;1;0;32;41;25;7;3;4;5;7;35;45;30;14
"125";33631;3;"2";NA;8;"0";"3";"0";1;1;1;1;1;0;1;0;1;1;1;0;1;0;1;1;0;1;1;1;1;0;1;1;1;1;1;1;1;1;1;1;1;0;0;1;1;1;1;1;1;1;1;1;1;0;1;1;1;1;1;1;1;NA;NA;NA;NA;NA;NA;NA;NA;NA;NA;NA;NA;1;1;1;1;1;NA;NA;NA;NA;NA;NA;NA;NA;NA;NA;NA;NA;NA;NA;NA;NA;NA;NA;NA;NA;NA;NA;NA;NA;NA;NA;NA;NA;NA;NA;NA;NA;1;NA;1;NA;1;NA;1;1;0;1;NA;1;1;1;NA;NA;1;NA;1;0;NA;1;NA;NA;1;NA;NA;1;NA;1;1;1;1;NA;NA;1;NA;NA;1;NA;NA;NA;1;NA;1;NA;NA;NA;NA;NA;20;22;24;5;3;2;6;0;23;24;30;5
"126";33644;2;"2";NA;7;"0";"0";"0";1;1;1;1;1;1;1;1;1;1;0;1;1;1;1;1;1;1;1;1;1;1;0;1;1;1;1;1;1;1;1;1;1;1;1;1;1;1;1;1;1;1;1;1;1;0;1;1;0;1;1;1;1;1;0;1;1;1;1;1;1;NA;NA;NA;NA;1;1;1;1;0;1;1;1;1;1;1;1;1;1;1;0;1;1;0;NA;NA;NA;NA;NA;NA;NA;NA;NA;NA;NA;NA;NA;NA;NA;NA;NA;1;NA;NA;1;NA;NA;1;NA;NA;NA;1;NA;NA;NA;NA;NA;NA;0;NA;NA;NA;NA;NA;1;NA;NA;NA;1;NA;NA;1;1;1;NA;NA;1;NA;NA;1;1;NA;NA;1;NA;1;1;1;NA;NA;1;NA;28;17;28;16;3;1;2;3;31;18;30;19
"127";33628;2;"2";NA;7;"0";"0";"0";1;1;1;1;1;0;1;1;1;0;1;0;1;1;1;1;1;1;0;1;1;1;1;1;0;1;1;1;1;1;1;1;1;1;1;1;1;1;1;1;1;1;1;1;1;1;1;1;0;1;1;1;1;1;1;1;1;1;1;1;1;1;1;1;0;1;1;1;1;0;NA;NA;NA;NA;NA;NA;NA;NA;NA;NA;NA;NA;NA;NA;NA;NA;NA;NA;NA;NA;NA;NA;NA;NA;NA;NA;NA;NA;NA;NA;NA;NA;1;NA;NA;1;1;NA;NA;1;NA;1;1;1;NA;1;1;NA;1;0;NA;1;1;1;1;NA;1;NA;NA;NA;NA;NA;NA;1;NA;1;NA;NA;NA;NA;NA;NA;0;NA;1;1;1;NA;0;1;1;NA;33;22;25;4;2;3;5;1;35;25;30;5
"128";33650;2;"2";NA;7;"1";"0";"0";1;1;1;1;1;1;1;1;1;1;1;1;1;1;1;1;1;1;1;1;1;0;1;1;1;1;1;1;1;1;1;0;0;1;1;0;0;0;0;0;0;0;1;0;0;NA;NA;NA;NA;NA;NA;NA;NA;NA;NA;NA;NA;NA;NA;NA;NA;NA;NA;NA;NA;1;1;1;0;1;1;1;1;1;1;1;1;1;1;0;NA;NA;NA;NA;NA;NA;NA;NA;NA;NA;NA;NA;NA;NA;NA;NA;NA;NA;NA;NA;1;1;NA;1;1;1;NA;1;1;1;1;1;NA;1;1;NA;1;0;0;1;NA;1;1;1;1;1;1;NA;NA;NA;NA;1;NA;1;1;1;NA;1;NA;NA;1;1;1;NA;1;NA;1;0;NA;1;NA;1;4;32;29;13;11;3;1;2;15;35;30;15
"129";33638;2;"2";NA;7;"0";"0";"0";1;1;1;1;0;1;1;1;1;1;1;1;1;1;1;0;1;1;1;1;1;0;1;1;1;1;1;1;1;1;1;0;0;0;0;1;0;0;1;0;0;0;0;1;1;1;0;NA;NA;NA;NA;NA;NA;NA;NA;NA;NA;NA;NA;NA;NA;NA;NA;NA;NA;1;1;0;1;1;1;1;0;0;1;1;0;0;1;0;0;NA;NA;NA;NA;NA;NA;NA;NA;NA;NA;NA;NA;NA;NA;NA;NA;NA;NA;NA;1;NA;NA;0;NA;1;0;1;NA;0;1;0;NA;1;1;NA;NA;NA;NA;NA;NA;0;NA;NA;1;1;0;0;NA;NA;NA;0;NA;1;NA;NA;1;1;0;NA;1;0;1;NA;1;NA;NA;0;NA;0;0;1;6;15;27;9;11;13;3;7;17;28;30;16
"130";33630;2;"2";NA;7;"0";"0";"0";1;1;1;0;0;1;1;0;1;1;1;1;1;1;1;1;0;1;1;1;1;1;1;0;0;1;0;1;0;1;1;1;1;0;1;0;0;0;1;1;1;1;1;0;1;1;1;1;0;1;1;1;0;1;1;1;1;1;1;1;1;1;1;1;1;1;1;0;0;0;1;1;0;0;NA;NA;NA;NA;NA;NA;NA;NA;NA;NA;NA;NA;NA;NA;NA;NA;NA;NA;NA;NA;NA;NA;NA;NA;NA;NA;NA;1;1;1;NA;1;NA;NA;NA;1;1;NA;NA;1;NA;NA;1;0;1;1;1;1;NA;1;1;1;NA;1;NA;0;NA;NA;NA;1;1;1;NA;NA;1;NA;NA;0;0;1;0;1;1;1;1;1;1;1;28;28;22;4;7;5;8;5;35;33;30;9
"131";33626;2;"2";NA;7;"1";"3";"0";1;1;1;1;1;0;1;0;0;0;1;0;1;0;0;1;0;1;1;0;0;0;1;0;0;1;1;1;0;1;1;0;1;1;0;0;1;0;1;0;1;1;1;1;0;0;1;1;0;0;1;1;1;NA;NA;NA;NA;NA;NA;NA;NA;NA;NA;NA;NA;0;1;0;1;1;1;1;NA;NA;NA;NA;NA;NA;NA;NA;NA;NA;NA;NA;NA;NA;NA;NA;NA;NA;NA;NA;NA;NA;NA;NA;NA;NA;NA;NA;NA;NA;NA;1;0;NA;1;NA;NA;1;0;NA;NA;0;1;1;1;NA;1;NA;1;NA;1;1;NA;1;1;NA;1;0;NA;NA;1;NA;1;NA;1;1;NA;NA;NA;NA;1;1;NA;1;NA;1;NA;NA;0;1;14;22;16;5;9;5;14;2;23;27;30;7
"132";33629;2;"2";NA;7;"0";"0";"0";1;1;1;1;1;1;1;1;1;1;1;1;1;1;1;1;1;1;1;1;1;1;1;1;1;1;1;1;1;1;1;0;1;1;1;1;1;1;1;1;1;1;1;1;1;1;1;1;0;1;1;1;0;1;1;1;1;1;1;1;1;1;NA;NA;NA;0;0;1;1;0;1;1;1;0;0;1;1;0;0;0;0;1;0;0;0;0;0;NA;NA;NA;NA;NA;NA;NA;NA;NA;NA;NA;NA;NA;1;0;1;1;1;1;1;1;1;1;1;1;1;1;1;1;1;1;1;1;1;1;1;1;1;1;1;1;1;0;1;1;1;1;1;1;1;0;1;1;1;1;0;1;1;1;1;1;1;1;1;1;29;48;30;8;3;4;0;14;32;52;30;22
"133";33633;2;"2";NA;8;"1";"0";"0";1;1;1;1;1;1;1;1;1;1;1;1;1;0;1;1;1;1;1;1;1;1;1;1;0;1;1;1;1;1;1;1;1;1;1;1;1;1;1;1;1;1;1;1;1;1;1;1;1;1;1;1;1;1;0;1;1;1;1;1;1;NA;NA;NA;NA;1;1;1;1;0;1;1;1;1;1;1;1;1;1;0;NA;NA;NA;NA;NA;NA;NA;NA;NA;NA;NA;NA;NA;NA;NA;NA;NA;NA;NA;NA;NA;NA;1;NA;NA;NA;NA;NA;NA;1;1;NA;NA;1;NA;1;1;1;1;1;NA;1;NA;NA;1;NA;1;1;1;0;NA;NA;1;1;NA;1;NA;1;1;NA;0;NA;NA;1;1;NA;1;NA;1;1;1;1;30;26;28;13;1;2;2;2;31;28;30;15
"134";33645;2;"2";NA;8;"1";"0";"0";1;1;1;0;0;1;1;0;1;1;1;1;1;0;1;0;1;1;1;1;1;1;1;0;1;1;1;1;1;0;1;0;1;0;1;1;1;1;1;0;1;1;1;1;1;1;1;1;1;1;1;1;1;1;1;NA;NA;NA;NA;NA;NA;NA;NA;NA;NA;1;0;0;1;0;1;1;1;1;1;1;1;0;1;1;0;1;NA;NA;NA;NA;NA;NA;NA;NA;NA;NA;NA;NA;NA;NA;NA;NA;NA;NA;1;NA;NA;1;1;NA;1;NA;NA;1;0;1;NA;1;1;1;NA;1;NA;1;1;1;1;0;1;NA;1;0;NA;0;NA;0;1;1;1;NA;1;NA;1;1;1;NA;1;NA;NA;NA;1;NA;1;1;1;0;22;28;23;12;3;6;7;5;25;34;30;17
"135";33632;2;"2";NA;7;"0";"0";"0";1;1;0;1;1;1;1;0;1;1;1;0;1;1;1;0;0;1;0;1;0;0;1;0;0;1;0;1;1;0;1;0;0;0;0;1;1;0;1;0;0;0;1;0;0;0;1;0;0;0;0;0;0;0;0;NA;NA;NA;NA;NA;NA;NA;NA;NA;NA;0;1;0;1;0;1;0;0;0;0;0;0;0;0;0;NA;NA;NA;NA;NA;NA;NA;NA;NA;NA;NA;NA;NA;NA;NA;NA;NA;NA;NA;NA;1;1;NA;NA;1;1;1;1;NA;1;1;1;1;1;1;NA;1;1;1;1;1;NA;1;NA;1;NA;NA;NA;1;NA;1;NA;NA;1;NA;NA;1;NA;1;NA;NA;1;1;NA;1;0;1;NA;NA;1;1;0;6;30;18;3;19;2;12;12;25;32;30;15
"136";33652;2;"2";NA;7;"0";"0";"0";1;1;1;1;1;1;1;1;0;0;1;1;0;0;1;0;1;1;1;1;1;1;0;1;1;1;1;1;1;1;1;1;1;1;1;1;1;0;1;0;1;1;1;1;1;1;1;1;0;1;1;1;1;1;0;0;0;1;1;1;0;1;1;1;1;0;1;1;1;0;1;1;1;0;1;1;1;0;1;0;1;1;NA;NA;NA;NA;NA;NA;NA;NA;NA;NA;NA;NA;NA;NA;NA;NA;NA;NA;1;1;1;1;1;1;1;1;1;1;1;1;1;1;1;0;1;1;1;1;1;1;1;1;1;1;1;1;1;1;1;1;1;1;1;1;1;1;1;1;1;1;1;1;1;1;1;1;1;1;1;1;28;51;24;12;7;1;6;5;35;52;30;17
"137";33666;2;"2";NA;7;NA;"0";"0";1;1;1;1;1;1;1;1;1;1;1;1;1;0;1;1;1;1;1;1;1;1;1;1;1;1;1;1;1;0;1;1;1;0;1;0;1;0;1;1;1;1;1;0;1;1;1;1;0;1;1;1;1;1;1;1;1;1;1;1;1;1;0;1;1;1;1;1;0;0;1;1;1;1;1;1;1;1;1;0;0;1;1;1;0;1;1;1;1;1;1;1;1;1;NA;NA;NA;NA;NA;NA;1;1;1;1;1;1;1;1;1;1;1;1;1;1;1;1;1;1;1;1;1;1;1;1;1;1;1;0;1;1;1;1;1;1;1;1;1;1;1;1;1;1;1;1;1;1;1;1;1;1;1;0;29;50;28;24;6;2;2;5;35;52;30;29
"138";33681;2;"2";NA;NA;NA;"0";"0";1;1;1;1;1;1;1;1;1;1;1;1;1;0;1;1;1;1;1;1;1;1;1;1;1;1;1;1;1;1;1;1;1;1;1;1;1;1;1;1;1;1;1;1;1;1;1;1;1;1;1;1;1;1;1;1;1;1;1;1;1;1;1;1;0;0;1;1;1;1;1;1;1;1;1;1;1;1;1;1;1;1;1;0;0;1;1;1;1;1;NA;NA;NA;NA;NA;NA;NA;NA;NA;NA;1;1;1;1;1;1;1;1;1;1;1;1;1;1;1;1;1;1;1;1;1;1;1;1;1;1;1;1;1;0;1;1;1;1;1;1;1;1;1;1;1;1;1;1;1;1;1;1;1;1;1;1;34;51;29;22;1;1;1;3;35;52;30;25
"139";33674;2;"2";NA;8;NA;"0";"0";1;1;1;1;1;1;1;1;1;1;1;1;1;0;1;1;1;1;1;1;1;1;1;1;1;1;1;1;1;1;1;0;1;1;1;1;1;1;1;1;1;1;1;1;1;1;1;1;1;1;1;1;1;1;1;1;1;1;1;1;1;1;1;1;1;1;1;1;1;1;1;1;1;NA;NA;NA;NA;NA;NA;NA;NA;NA;NA;NA;NA;NA;NA;NA;NA;NA;NA;NA;NA;NA;NA;NA;NA;NA;NA;NA;1;1;1;1;1;1;1;1;1;1;1;0;1;1;1;1;1;0;1;1;1;1;1;1;1;1;1;1;1;0;1;1;1;1;1;1;1;1;1;1;1;0;1;1;1;1;1;1;1;1;1;1;34;48;29;8;1;4;1;0;35;52;30;8
"140";33673;2;"2";NA;7;NA;"0";"0";1;1;1;1;0;1;1;1;1;1;1;1;1;0;1;1;1;1;1;1;1;1;1;1;0;1;1;1;1;1;1;1;1;1;1;1;1;1;1;1;1;1;1;1;1;0;1;1;1;1;1;1;1;1;1;1;1;1;1;1;1;1;1;1;0;1;1;1;0;0;1;1;1;1;1;1;1;1;0;1;0;1;1;NA;NA;NA;NA;NA;NA;NA;NA;NA;NA;NA;NA;NA;NA;NA;NA;NA;1;NA;1;1;NA;NA;NA;1;1;1;1;1;1;1;NA;1;1;1;1;1;NA;1;1;1;1;1;1;1;NA;0;1;1;1;1;1;1;1;1;1;1;1;1;1;NA;1;1;NA;1;1;1;1;0;33;41;27;14;2;2;3;4;35;43;30;18
"141";33687;2;"2";NA;NA;NA;"0";"0";1;1;1;1;1;0;0;1;1;1;1;1;1;0;1;1;1;1;1;1;0;1;1;0;1;1;1;1;1;1;1;0;1;0;1;0;1;0;1;0;1;1;1;1;1;1;1;1;0;1;1;1;1;1;1;1;1;1;1;1;1;1;0;1;0;1;1;0;1;0;1;1;1;0;1;1;1;1;1;1;1;1;0;1;1;NA;NA;NA;NA;NA;NA;NA;NA;NA;NA;NA;NA;NA;NA;NA;1;1;1;1;1;1;1;1;1;1;1;1;1;1;1;0;1;1;1;1;1;1;1;1;1;1;1;1;1;0;1;1;1;1;1;1;1;1;1;1;1;1;0;1;1;1;1;1;1;1;1;0;27;48;25;16;8;4;5;4;35;52;30;20
"142";33670;2;"2";NA;8;NA;"0";"0";1;1;1;1;1;1;1;0;1;1;1;1;1;0;1;1;1;1;1;1;1;1;1;0;1;1;1;1;1;1;1;0;1;1;1;1;1;1;1;1;1;1;1;1;1;1;1;1;1;1;1;1;1;1;1;0;1;1;1;1;1;1;1;1;0;0;1;1;1;0;1;1;1;1;0;1;1;0;1;0;1;1;NA;NA;NA;NA;NA;NA;NA;NA;NA;NA;NA;NA;NA;NA;NA;NA;NA;NA;1;1;NA;1;1;NA;NA;1;NA;1;1;NA;1;1;1;1;1;NA;1;1;NA;NA;1;1;1;NA;1;0;1;0;1;1;1;1;NA;1;1;NA;1;1;1;1;0;NA;NA;1;1;1;1;1;1;1;32;36;27;12;3;3;3;5;35;39;30;17
"143";33679;2;"2";NA;7;NA;"0";"0";1;1;1;1;1;1;1;1;1;1;1;1;1;0;1;1;0;1;1;1;1;1;1;0;1;1;1;1;1;0;1;0;1;0;0;0;1;1;1;0;0;0;1;1;0;1;1;1;0;0;1;1;1;1;1;1;0;1;1;1;1;1;1;1;1;0;0;0;0;0;0;0;0;0;0;1;1;0;1;0;0;0;0;0;0;1;1;0;0;0;1;1;0;0;0;1;0;1;1;0;1;1;0;0;1;0;1;1;1;1;0;1;1;1;1;1;1;1;1;1;1;1;1;1;0;1;1;1;1;0;1;1;1;0;1;1;1;1;1;1;0;1;0;1;1;1;1;1;1;1;1;1;24;43;26;10;11;9;4;25;35;52;30;35
"144";33665;2;"2";NA;7;NA;"0";"0";1;1;1;1;1;1;1;1;1;1;1;1;1;0;1;1;1;1;1;1;1;1;1;1;1;1;1;1;1;1;1;0;1;1;1;1;1;1;1;1;1;1;1;1;1;1;1;1;1;1;1;1;1;1;1;NA;NA;NA;NA;NA;NA;NA;NA;NA;NA;1;1;1;1;1;1;1;1;1;1;1;NA;NA;NA;NA;NA;NA;NA;NA;NA;NA;NA;NA;NA;NA;NA;NA;NA;NA;NA;NA;NA;NA;NA;NA;NA;1;NA;NA;NA;NA;1;NA;1;1;NA;NA;NA;NA;NA;NA;NA;NA;1;NA;1;1;1;NA;1;NA;NA;NA;NA;NA;NA;1;1;NA;NA;NA;NA;NA;NA;1;1;0;NA;1;NA;NA;NA;1;1;NA;NA;1;24;17;29;11;1;1;1;0;25;18;30;11
"145";33667;3;"2";NA;7;NA;"0";"0";1;1;1;1;1;1;1;1;1;1;1;1;1;1;0;1;0;1;1;1;1;1;1;1;1;1;1;1;1;1;1;0;0;0;1;1;1;0;1;1;0;1;0;0;0;1;NA;NA;NA;NA;NA;NA;NA;NA;NA;NA;NA;NA;NA;NA;NA;NA;NA;NA;NA;0;1;0;1;0;1;1;1;0;0;1;1;1;1;1;0;1;0;0;NA;NA;NA;NA;NA;NA;NA;NA;NA;NA;NA;NA;NA;NA;NA;NA;1;1;1;1;1;1;1;1;1;1;0;0;1;1;1;1;1;0;1;1;1;1;1;1;1;1;1;1;1;0;1;1;1;1;1;1;1;1;1;1;1;0;1;1;1;1;1;1;0;1;1;1;8;46;28;11;8;6;2;8;16;52;30;19
"146";33682;2;"2";NA;NA;NA;"0";"0";1;1;1;1;1;0;1;1;1;1;1;1;1;1;1;1;1;1;1;1;1;0;1;1;0;1;1;1;1;0;1;0;1;1;1;1;1;1;1;1;1;1;1;1;1;1;1;1;1;1;1;1;1;1;1;0;1;1;1;1;1;1;1;1;1;1;1;1;0;0;1;1;0;1;NA;NA;NA;NA;NA;NA;NA;NA;NA;NA;NA;NA;NA;NA;NA;NA;NA;NA;NA;NA;NA;NA;NA;NA;NA;NA;NA;NA;1;NA;NA;NA;1;1;NA;1;NA;1;NA;NA;NA;NA;0;1;1;1;1;NA;NA;NA;NA;NA;1;NA;1;NA;NA;NA;1;1;1;1;NA;NA;NA;1;1;NA;NA;NA;NA;NA;NA;NA;NA;NA;NA;NA;33;17;26;6;2;1;4;3;35;18;30;9
"147";33663;2;"2";NA;7;NA;"0";"0";1;1;1;1;0;0;1;0;1;1;1;1;1;1;1;1;1;1;1;1;1;1;1;0;1;1;1;1;1;0;1;0;1;1;1;1;1;1;1;1;1;1;1;0;0;1;1;1;0;1;1;1;0;1;1;1;0;1;1;1;1;1;1;1;NA;1;1;0;1;0;1;1;0;0;0;1;0;1;0;0;NA;NA;NA;NA;NA;NA;NA;NA;NA;NA;NA;NA;NA;NA;NA;NA;NA;NA;NA;NA;1;1;1;1;1;NA;0;1;1;1;0;0;1;1;NA;NA;1;1;1;NA;1;NA;0;0;0;1;1;0;NA;0;1;1;NA;1;1;1;1;0;1;1;1;1;NA;NA;1;1;NA;1;0;0;NA;NA;28;29;25;7;6;11;5;8;34;40;30;15
"148";33662;2;"2";NA;7;NA;"0";"0";1;1;0;0;1;1;0;1;1;1;1;0;1;0;1;1;1;1;1;0;0;0;1;1;1;1;1;1;1;0;1;1;1;1;0;1;1;1;1;0;0;1;0;1;1;1;1;1;0;0;1;1;1;1;1;NA;NA;NA;NA;NA;NA;NA;NA;NA;NA;0;0;1;1;0;0;1;0;1;NA;NA;NA;NA;NA;NA;NA;NA;NA;NA;NA;NA;NA;NA;NA;NA;NA;NA;NA;NA;NA;NA;NA;NA;NA;NA;1;1;1;0;1;NA;NA;NA;0;1;1;NA;NA;1;NA;NA;1;1;1;1;NA;NA;NA;1;1;NA;NA;NA;1;0;1;NA;1;1;1;1;1;NA;0;1;0;NA;1;NA;1;NA;1;NA;1;NA;1;1;19;27;21;4;6;5;9;5;25;32;30;9
"149";33684;2;"2";NA;NA;NA;"0";"0";1;1;1;1;1;1;1;1;1;1;1;1;1;0;1;1;1;1;1;1;1;1;1;1;0;1;1;1;1;0;1;0;0;0;0;0;1;0;1;0;1;1;1;1;1;NA;NA;NA;NA;NA;NA;NA;NA;NA;NA;NA;NA;NA;NA;NA;NA;NA;NA;NA;NA;1;1;1;1;1;1;1;1;1;1;1;1;0;1;1;NA;NA;NA;NA;NA;NA;NA;NA;NA;NA;NA;NA;NA;NA;NA;NA;NA;NA;NA;NA;1;1;1;1;NA;NA;1;NA;NA;1;NA;0;1;1;1;NA;NA;1;NA;NA;NA;NA;NA;NA;NA;NA;NA;NA;1;NA;NA;1;NA;NA;NA;NA;NA;NA;NA;NA;1;1;NA;NA;NA;1;NA;1;1;1;1;1;8;20;27;14;7;1;3;1;15;21;30;15
"150";33676;2;"2";NA;7;NA;"0";"0";1;1;1;1;1;0;1;0;1;1;1;1;1;0;1;0;1;1;0;1;0;0;1;1;0;1;1;1;1;0;1;1;1;1;1;1;1;1;1;1;1;1;1;1;1;0;1;1;1;1;1;NA;NA;NA;NA;NA;NA;NA;NA;NA;NA;NA;NA;NA;NA;1;1;0;1;0;1;1;1;0;1;1;1;NA;NA;NA;NA;NA;NA;NA;NA;NA;NA;NA;NA;NA;NA;NA;NA;NA;NA;NA;NA;NA;NA;NA;1;NA;0;1;1;1;0;1;1;1;1;1;1;1;NA;1;1;NA;1;1;1;0;1;1;1;NA;1;1;NA;0;1;1;0;1;1;1;1;NA;1;NA;1;1;NA;1;1;NA;1;NA;0;1;1;1;20;36;21;9;1;6;9;3;21;42;30;12
"151";33678;2;"2";NA;7;NA;"0";"0";1;1;1;0;0;1;1;0;1;1;1;1;0;1;1;0;1;1;1;1;1;0;1;1;1;1;1;1;1;1;1;0;0;0;1;1;1;1;1;1;1;1;0;1;1;1;1;1;0;1;1;NA;NA;NA;NA;NA;NA;NA;NA;NA;NA;NA;NA;NA;NA;1;1;1;1;1;0;0;1;0;1;NA;NA;NA;NA;NA;NA;NA;NA;NA;NA;NA;NA;NA;NA;NA;NA;NA;NA;NA;NA;NA;NA;NA;NA;NA;1;1;NA;1;NA;NA;1;1;1;1;NA;1;NA;NA;1;NA;1;NA;1;NA;NA;NA;NA;NA;1;NA;NA;1;1;NA;NA;NA;1;NA;NA;NA;1;NA;1;1;NA;1;NA;1;1;NA;1;NA;NA;NA;1;NA;16;23;24;7;5;0;6;3;21;23;30;10
"152";33686;2;"2";NA;NA;NA;"0";"0";1;1;1;1;1;1;1;1;1;1;1;1;1;0;1;0;1;1;1;1;1;1;1;1;0;1;1;1;1;1;1;1;1;1;1;1;1;1;1;1;1;1;0;1;1;0;1;1;1;NA;NA;NA;NA;NA;NA;NA;NA;NA;NA;NA;NA;NA;NA;NA;NA;0;0;0;1;0;1;1;1;1;1;1;1;0;1;1;NA;NA;NA;NA;NA;NA;NA;NA;NA;NA;NA;NA;NA;NA;NA;NA;NA;NA;NA;NA;NA;1;1;1;NA;1;NA;NA;NA;NA;1;0;0;1;NA;0;NA;NA;NA;NA;1;NA;NA;NA;NA;1;NA;NA;1;NA;NA;1;NA;1;NA;1;1;NA;NA;0;NA;NA;NA;NA;1;NA;NA;NA;NA;1;NA;NA;17;15;27;10;2;4;3;5;19;19;30;15
"153";33685;2;"2";NA;NA;NA;"0";"0";1;1;1;0;1;0;1;1;1;1;1;1;1;1;1;1;1;1;1;1;1;1;1;0;0;1;1;1;1;1;1;1;1;1;1;1;1;1;1;0;1;1;0;1;NA;NA;NA;NA;NA;NA;NA;NA;NA;NA;NA;NA;NA;NA;NA;NA;NA;NA;NA;NA;NA;0;1;1;1;1;1;0;1;0;1;1;1;0;0;1;0;NA;NA;NA;NA;NA;NA;NA;NA;NA;NA;NA;NA;NA;NA;NA;NA;NA;NA;NA;1;1;1;1;1;NA;1;NA;NA;1;1;NA;1;1;1;1;NA;NA;1;1;1;1;1;NA;1;1;1;NA;0;0;1;1;NA;1;1;1;1;NA;1;0;1;1;1;1;0;0;1;NA;1;NA;1;0;12;34;26;10;2;6;4;6;14;40;30;16
"154";33669;2;"2";NA;7;NA;"0";"0";1;1;1;1;1;1;1;0;1;1;1;1;1;1;1;0;1;1;1;1;1;1;1;1;1;1;1;1;1;0;1;1;1;1;1;1;1;1;1;1;1;1;1;1;1;1;1;1;1;1;1;1;1;1;1;1;1;1;1;1;1;1;1;NA;NA;1;1;1;1;0;1;1;1;1;1;NA;NA;NA;NA;NA;NA;NA;NA;NA;NA;NA;NA;NA;NA;NA;NA;NA;NA;NA;NA;NA;NA;NA;NA;NA;NA;1;1;1;1;1;NA;1;1;1;1;NA;1;1;1;NA;NA;1;1;NA;1;1;1;1;1;1;1;1;1;NA;1;1;NA;1;1;1;NA;1;1;1;1;1;0;1;NA;1;NA;NA;1;1;1;1;33;39;27;9;0;1;3;1;33;40;30;10
"155";33664;2;"2";NA;7;NA;"0";"0";0;0;1;0;0;1;0;1;0;0;0;0;1;0;0;0;0;0;0;0;0;0;0;0;0;0;0;1;0;0;1;1;1;1;1;1;1;1;1;1;1;1;1;1;1;1;1;1;1;1;1;1;1;1;1;NA;NA;NA;NA;NA;NA;NA;NA;NA;NA;1;1;1;1;0;NA;NA;NA;NA;NA;NA;NA;NA;NA;NA;NA;NA;NA;NA;NA;NA;NA;NA;NA;NA;NA;NA;NA;NA;NA;NA;NA;NA;NA;NA;1;1;0;1;NA;NA;1;1;1;1;NA;0;NA;1;NA;1;1;1;1;NA;NA;1;NA;1;1;1;NA;1;1;0;1;NA;NA;1;1;NA;NA;NA;1;1;1;1;1;1;NA;NA;1;1;1;1;1;NA;25;32;5;4;0;3;25;1;25;35;30;5
"156";33661;2;"2";NA;7;NA;"0";"0";0;1;0;0;0;1;0;0;0;1;1;0;0;0;1;1;0;0;0;0;1;1;1;0;0;1;0;0;1;1;1;1;1;1;1;0;1;1;1;1;1;1;1;0;1;1;NA;NA;NA;NA;NA;NA;NA;NA;NA;NA;NA;NA;NA;NA;NA;NA;NA;NA;NA;0;1;0;1;1;0;0;0;0;0;1;0;1;0;0;0;0;1;0;0;0;0;0;0;0;1;0;1;0;0;0;0;0;0;0;1;NA;1;1;1;NA;1;NA;NA;1;1;1;1;1;1;NA;NA;1;1;NA;1;1;1;1;1;NA;NA;1;1;1;1;1;1;1;1;1;NA;NA;NA;1;1;1;0;1;NA;1;NA;1;1;1;NA;1;14;36;12;8;2;1;18;27;16;37;30;35
"157";34425;3;"3";NA;8;"0";"0";"0";1;1;1;1;1;1;1;1;1;1;1;1;1;1;1;1;1;1;1;1;1;1;1;1;1;1;1;1;1;1;1;0;0;0;0;0;0;0;0;0;0;0;0;0;1;0;0;1;1;0;0;1;0;0;0;0;0;0;0;0;0;0;0;0;0;1;1;1;1;0;1;1;1;1;1;1;1;1;1;1;0;1;1;1;1;1;1;1;1;1;1;NA;NA;NA;NA;NA;NA;NA;NA;NA;1;1;1;1;1;1;1;1;1;1;1;1;1;1;1;1;1;1;1;1;1;1;1;1;1;1;1;1;1;1;1;1;1;1;1;1;1;1;1;1;1;0;1;1;1;1;1;1;1;1;1;1;5;51;30;24;30;1;0;2;35;52;30;26
"158";34408;3;"3";NA;8;"1";"0";"0";1;1;1;1;1;1;1;1;1;1;1;1;1;0;1;1;1;1;1;1;1;1;1;1;1;1;1;1;1;1;0;0;1;1;1;1;1;1;1;0;1;1;1;1;1;1;1;0;1;1;0;1;1;1;1;1;1;1;1;1;1;1;1;1;1;0;1;1;1;1;1;1;1;1;1;1;1;1;1;1;0;1;1;1;1;1;1;1;1;1;1;1;1;1;0;1;1;1;1;NA;1;1;1;1;1;1;1;1;1;1;1;1;1;1;1;1;1;1;1;1;1;1;1;1;1;1;1;1;1;1;1;1;1;1;1;1;1;1;1;1;1;1;1;1;1;1;1;1;1;1;1;1;30;52;29;31;5;0;1;3;35;52;30;34
"159";34426;3;"3";NA;8;"1";"0";"0";1;1;1;1;1;1;1;1;1;1;1;1;1;1;1;1;1;1;1;1;1;1;1;1;1;1;1;1;1;1;1;0;1;1;1;1;1;1;1;1;0;1;1;1;1;1;1;1;1;0;1;1;1;1;1;1;1;1;1;1;1;1;1;1;1;0;1;1;1;0;1;1;0;1;1;1;1;1;1;1;0;1;1;1;1;1;1;1;1;1;1;1;1;1;1;1;1;1;1;0;1;1;1;1;1;1;1;1;1;1;1;1;1;1;1;1;1;1;1;1;1;1;1;1;1;1;1;1;1;1;1;1;1;1;1;1;1;1;1;1;1;1;1;1;1;1;1;1;1;1;1;1;32;52;30;30;3;0;0;5;35;52;30;35
"160";34409;3;"3";NA;9;"0";"0";"0";1;1;1;1;1;1;1;1;1;1;1;1;1;1;1;1;1;1;1;1;1;1;1;1;1;1;1;1;1;1;1;1;1;1;1;1;1;1;1;1;1;1;1;1;1;1;1;1;1;1;1;1;1;1;1;1;1;1;1;1;1;1;1;1;0;1;1;1;1;0;1;1;1;1;1;1;1;1;1;1;1;0;1;1;1;1;1;0;1;0;1;1;1;1;1;1;1;NA;NA;NA;1;1;1;1;1;1;1;1;1;1;1;1;1;1;1;1;1;1;1;1;1;1;1;1;1;1;1;1;1;1;1;1;1;1;1;1;1;1;1;1;1;1;1;1;1;1;1;1;1;1;1;1;34;52;30;28;1;0;0;4;35;52;30;32
"161";34422;3;"3";NA;8;"0";"0";"0";1;1;1;1;1;1;1;1;1;1;1;1;1;0;1;1;1;1;1;0;1;1;1;1;1;1;1;1;1;1;1;1;1;1;1;1;1;1;1;1;1;1;0;1;1;1;1;1;1;1;1;1;1;1;1;1;1;1;1;1;1;1;1;1;0;0;1;1;1;0;1;1;0;1;1;1;1;1;1;1;0;1;1;1;0;1;1;1;1;1;1;1;1;1;NA;NA;NA;NA;NA;NA;1;1;1;1;1;1;1;1;1;1;1;1;1;1;1;1;1;1;1;1;1;1;1;1;1;1;1;1;1;1;1;1;1;1;1;1;1;1;1;1;1;1;1;1;1;1;1;1;1;1;1;1;33;52;28;24;2;0;2;5;35;52;30;29
"162";34418;3;"3";NA;8;"0";"0";"0";1;1;1;1;1;1;1;1;1;1;1;1;1;0;1;1;1;1;1;1;1;1;1;0;1;1;1;1;1;1;1;0;0;0;0;0;0;1;1;1;1;1;1;1;1;1;1;1;1;1;1;1;1;1;1;1;1;1;1;1;1;1;1;1;1;1;1;1;1;0;1;1;1;1;1;1;1;1;1;1;1;1;1;1;1;1;1;1;1;1;1;1;1;1;NA;NA;NA;NA;NA;NA;1;1;1;1;1;1;1;1;1;1;1;1;1;1;1;1;1;1;1;1;1;1;1;1;1;1;1;1;1;1;1;1;1;1;1;1;1;1;1;1;1;1;1;1;1;1;1;1;1;1;1;1;29;52;28;28;6;0;2;1;35;52;30;29
"163";34410;3;"3";NA;9;"1";"0";"0";1;1;1;1;1;1;1;1;1;1;1;1;1;1;1;1;1;1;1;1;1;1;1;1;1;1;1;1;1;1;1;1;1;0;1;1;1;1;1;1;1;1;1;1;1;1;0;0;0;1;1;1;1;1;1;1;1;1;1;1;1;1;1;1;1;1;1;1;1;1;1;1;1;1;1;1;1;1;1;0;1;1;1;1;1;1;1;1;1;1;1;1;1;1;0;NA;NA;NA;NA;NA;1;1;1;1;1;1;1;1;1;1;0;0;1;1;1;1;1;1;1;1;1;0;1;1;1;1;1;1;0;0;1;0;1;1;1;1;1;1;1;1;1;1;1;1;1;1;1;1;1;1;1;0;31;45;30;28;4;7;0;2;35;52;30;30
"164";34430;3;"3";NA;8;"0";"0";"0";1;1;1;1;1;1;1;1;1;1;1;0;1;1;1;1;1;1;1;1;1;1;1;1;1;1;1;1;1;1;1;1;1;1;1;1;1;1;1;1;1;1;1;1;0;1;1;1;1;1;1;1;1;1;0;1;1;1;1;1;1;1;1;1;1;1;1;1;1;0;1;1;1;1;1;1;1;1;1;1;0;1;1;1;1;1;1;1;1;NA;NA;NA;NA;NA;NA;NA;NA;NA;NA;NA;1;1;1;1;1;1;1;1;1;1;1;0;1;1;1;1;1;1;1;1;1;1;1;1;1;1;1;1;1;0;1;1;1;1;1;1;1;1;1;1;0;1;1;1;1;1;1;1;1;1;1;1;33;49;29;22;2;3;1;2;35;52;30;24
"165";34427;3;"3";NA;8;"0";"0";"0";1;1;1;1;1;1;1;1;1;1;1;1;1;0;1;1;1;1;1;1;1;1;1;1;1;1;1;1;1;1;1;0;1;1;1;1;1;1;1;0;1;1;1;1;1;1;1;1;1;0;1;1;1;1;1;1;1;1;0;1;0;1;1;1;1;1;1;1;1;0;1;1;1;1;1;1;1;1;1;1;0;1;1;1;1;1;1;1;1;1;1;1;1;1;0;NA;NA;NA;NA;NA;1;1;1;1;1;1;1;1;1;1;1;1;1;1;1;1;1;1;1;1;1;1;1;1;1;1;1;1;1;1;1;1;1;1;1;1;1;1;1;1;1;0;1;1;1;1;1;1;1;1;1;1;30;51;29;27;5;1;1;3;35;52;30;30
"166";34423;4;"3";NA;9;"1";"0";"0";1;1;1;1;1;1;1;1;1;1;1;1;1;1;1;1;1;1;1;1;1;1;1;1;0;1;1;1;1;1;1;1;1;0;1;1;1;1;1;1;1;1;1;1;1;1;1;1;1;1;1;1;1;1;1;1;0;1;1;1;0;1;1;1;0;1;1;0;1;0;1;1;1;1;1;1;1;1;0;1;0;1;1;0;0;0;1;1;0;0;1;1;0;1;0;1;NA;NA;NA;NA;1;1;1;1;1;1;1;1;1;1;1;1;1;1;1;1;1;1;1;1;1;1;1;1;0;1;1;1;1;0;1;1;1;1;1;1;1;1;1;1;0;1;1;1;1;1;1;1;1;1;1;1;31;49;29;20;4;3;1;11;35;52;30;31
"167";34424;3;"3";NA;8;"0";"0";"0";1;1;1;1;1;1;1;1;1;0;1;1;1;0;1;1;1;1;1;1;1;1;1;1;1;1;1;1;1;1;1;1;1;1;1;1;1;1;1;1;1;1;1;1;1;1;1;1;1;1;1;1;1;1;1;1;1;1;1;1;1;1;1;1;1;1;1;1;1;0;1;1;0;1;1;1;1;1;1;1;1;0;1;NA;NA;NA;NA;NA;NA;NA;NA;NA;NA;NA;NA;NA;NA;NA;NA;NA;1;1;1;1;1;1;1;1;1;1;1;0;1;1;1;1;1;1;1;1;1;1;1;1;1;1;1;1;1;0;1;1;1;1;1;1;1;1;0;1;1;1;1;1;1;1;1;1;1;1;1;1;35;49;28;15;0;3;2;3;35;52;30;18
"168";34416;3;"3";NA;9;"1";"0";"0";1;1;1;0;1;1;1;1;1;1;1;1;1;0;1;1;1;1;1;1;0;1;0;0;0;1;1;1;1;1;1;1;1;1;0;0;1;0;1;1;0;0;0;1;0;1;1;0;0;1;0;1;0;0;1;0;0;0;0;0;1;0;1;1;1;1;1;0;1;1;0;1;1;1;1;0;0;1;0;0;1;1;1;0;0;1;1;0;0;1;0;1;0;0;0;0;0;0;0;0;1;0;1;1;0;0;0;0;0;1;0;0;1;1;1;0;0;0;1;1;1;0;0;0;1;1;1;0;0;0;1;0;1;1;0;0;1;1;0;1;0;1;1;1;0;0;1;1;1;1;0;0;17;26;24;16;18;26;6;19;35;52;30;35
"169";34428;4;"3";NA;9;"1";"0";"0";1;1;1;1;1;1;1;1;1;1;0;1;1;0;1;1;1;1;1;1;1;1;1;1;1;1;1;1;1;0;1;1;1;1;0;1;1;1;1;0;1;1;0;1;1;1;1;1;0;1;1;1;1;1;1;1;1;1;1;1;0;1;1;1;0;1;1;1;1;1;1;1;1;1;1;1;1;1;1;0;1;1;1;1;0;1;1;1;1;1;1;1;1;1;NA;NA;NA;NA;NA;NA;1;1;0;1;1;1;1;0;0;1;1;1;0;1;1;1;0;1;1;1;0;1;1;1;1;1;1;1;1;0;1;0;1;1;1;1;1;1;0;1;1;0;1;1;1;1;1;1;0;0;1;1;29;40;27;27;6;12;3;2;35;52;30;29
"170";34417;3;"3";NA;9;"1";"0";"0";1;1;1;0;1;1;1;1;1;1;1;1;1;0;1;1;1;1;1;1;1;1;1;1;1;1;1;1;1;1;1;1;1;1;1;1;1;1;1;1;1;1;0;1;1;0;1;1;1;1;1;1;0;1;0;1;NA;NA;NA;NA;NA;NA;NA;NA;NA;1;1;1;1;1;1;1;1;1;1;1;1;1;1;1;0;1;1;1;0;1;1;1;1;1;1;NA;NA;NA;NA;NA;NA;NA;NA;NA;1;1;1;1;1;1;1;1;1;1;1;1;1;1;1;1;1;1;1;1;1;1;1;1;1;1;1;1;1;0;1;1;1;1;1;1;1;1;0;1;1;1;1;1;1;1;1;1;1;1;1;1;22;50;28;24;4;2;2;2;26;52;30;26
"171";34415;4;"3";NA;9;"0";"1";"0";1;1;1;0;1;1;1;0;1;1;1;1;1;0;1;1;1;1;1;1;1;1;1;1;1;1;1;1;1;1;0;1;1;0;0;0;1;0;1;0;0;1;1;0;0;0;1;1;0;0;1;1;1;1;0;0;0;1;1;1;0;1;1;0;0;1;1;1;1;1;1;1;1;1;0;1;1;1;1;1;1;1;1;0;1;1;1;1;1;1;NA;NA;NA;NA;NA;NA;NA;NA;NA;NA;1;1;1;1;0;1;1;1;1;1;1;0;1;1;1;0;1;1;1;1;0;1;1;0;1;1;1;1;1;0;1;1;1;1;1;1;1;1;0;0;0;0;1;1;1;1;1;1;1;1;0;1;17;41;27;23;18;11;3;2;35;52;30;25
"172";34419;3;"3";NA;9;"0";"0";"0";1;1;1;1;1;1;1;1;1;1;1;1;1;1;1;1;1;1;1;1;1;1;1;1;1;1;1;1;1;0;1;0;1;1;1;1;1;1;1;1;1;1;1;1;1;1;1;1;0;1;1;1;1;1;1;1;1;1;1;1;1;1;1;1;0;1;1;1;1;0;1;1;1;1;1;1;1;1;1;1;0;1;1;1;1;1;1;1;1;1;1;1;1;1;NA;NA;NA;NA;NA;NA;1;1;1;0;1;1;1;1;1;1;1;1;1;1;1;1;1;1;1;1;1;1;1;1;1;1;1;1;1;1;1;1;1;1;1;1;1;1;1;1;1;1;1;1;1;1;1;1;1;1;1;1;32;51;29;27;3;1;1;2;35;52;30;29
"173";34420;3;"3";NA;8;"1";"0";"0";1;1;1;1;1;1;1;1;1;1;1;1;1;0;1;1;1;1;1;1;1;1;1;1;1;1;1;1;1;1;1;0;1;1;1;1;1;1;1;0;0;1;1;1;1;1;1;1;1;0;1;1;1;1;1;1;0;1;1;1;0;1;1;0;1;1;1;1;1;0;1;1;1;0;1;1;1;1;1;1;1;NA;NA;NA;NA;NA;NA;NA;NA;NA;NA;NA;NA;NA;NA;NA;NA;NA;NA;NA;1;1;1;1;1;1;1;1;1;1;1;1;1;1;1;1;1;1;1;1;1;1;1;1;1;1;1;1;1;0;1;1;1;1;1;1;1;1;1;1;1;1;1;1;1;1;1;1;1;1;1;1;28;51;29;14;7;1;1;2;35;52;30;16
"174";34411;3;"3";NA;9;"0";"0";"0";1;1;0;1;1;1;1;1;1;1;1;1;1;1;1;1;1;1;1;1;1;1;1;1;1;1;1;1;1;1;1;1;1;1;1;1;1;1;1;1;1;1;1;1;1;1;1;1;1;1;1;1;1;1;1;1;1;1;1;1;1;1;1;0;1;1;1;1;1;0;1;1;1;1;1;1;1;1;1;1;1;1;1;1;1;1;1;1;1;1;1;1;NA;NA;NA;NA;NA;NA;NA;NA;1;1;1;1;1;1;1;1;1;1;1;1;1;1;1;1;1;1;1;1;1;1;1;1;1;1;1;1;1;1;1;1;1;1;1;1;1;1;1;1;1;1;1;1;1;1;1;1;1;1;1;1;34;52;29;26;1;0;1;1;35;52;30;27
"175";34407;3;"3";NA;8;"1";"0";"0";1;1;1;1;1;1;1;1;1;1;1;1;1;1;1;1;1;1;1;1;1;1;1;1;1;1;1;1;1;1;1;0;1;1;1;1;1;1;1;1;1;1;1;1;1;1;1;1;0;1;1;1;1;1;1;1;0;1;1;1;1;1;1;1;1;1;1;1;1;0;1;1;1;1;1;1;1;1;1;1;0;1;1;1;1;1;1;1;NA;NA;NA;NA;NA;NA;NA;NA;NA;NA;NA;NA;1;1;1;1;1;1;NA;1;1;1;1;1;1;1;1;1;NA;1;1;0;1;1;0;1;1;1;1;1;1;1;NA;1;1;1;1;NA;NA;1;1;1;1;0;NA;1;NA;1;NA;NA;NA;1;1;NA;32;38;30;21;3;3;0;2;35;41;30;23
"176";34406;3;"3";NA;8;"1";"0";"0";1;1;1;1;1;1;1;1;1;1;1;1;1;1;1;1;1;1;1;1;1;1;1;1;1;1;1;1;1;1;1;0;1;1;1;1;1;1;1;0;1;1;1;0;1;1;1;1;1;0;1;1;1;1;1;1;1;1;1;1;0;1;1;1;0;1;1;0;1;1;1;1;1;1;1;1;1;0;1;1;0;1;NA;NA;NA;NA;NA;NA;NA;NA;NA;NA;NA;NA;NA;NA;NA;NA;NA;NA;1;1;1;1;1;1;1;1;1;1;1;1;1;1;1;1;1;1;1;1;1;1;1;1;1;1;1;1;1;1;1;1;1;1;1;1;1;1;1;1;1;1;1;1;1;1;1;1;1;1;1;1;29;52;30;14;6;0;0;3;35;52;30;17
"177";34429;3;"3";NA;9;"0";"0";"0";1;1;1;1;1;1;1;1;1;1;1;1;1;0;1;1;1;1;1;1;1;1;1;1;1;1;1;1;1;1;1;1;1;1;1;1;1;1;1;1;1;1;0;1;1;1;1;1;1;1;1;1;1;1;1;NA;NA;NA;NA;NA;NA;NA;NA;NA;NA;0;1;1;1;0;1;1;1;1;1;1;1;0;1;1;1;1;1;NA;NA;NA;NA;NA;NA;NA;NA;NA;NA;NA;NA;NA;NA;NA;NA;NA;NA;NA;NA;1;NA;1;1;NA;NA;NA;NA;NA;NA;1;1;NA;NA;NA;NA;NA;1;1;NA;NA;1;1;NA;0;1;1;1;NA;1;1;1;NA;NA;NA;NA;NA;1;NA;1;NA;1;1;NA;1;NA;1;NA;NA;24;21;29;15;1;1;1;3;25;22;30;18
"178";34404;3;"3";NA;9;"0";"0";"0";1;1;1;1;1;1;1;1;1;1;1;1;1;0;1;1;1;1;1;1;1;1;1;1;1;1;1;1;1;1;1;1;1;1;0;1;1;1;1;0;1;1;0;1;1;0;1;1;1;0;1;1;1;1;0;1;1;1;1;1;0;0;NA;NA;NA;1;1;1;0;0;1;1;1;1;1;1;1;1;1;1;NA;NA;NA;NA;NA;NA;NA;NA;NA;NA;NA;NA;NA;NA;NA;NA;NA;NA;NA;NA;1;1;1;0;1;1;NA;1;1;1;1;1;1;1;1;1;1;1;1;1;1;1;1;1;1;1;1;1;1;0;1;1;1;1;0;1;NA;NA;1;1;1;1;1;1;NA;1;1;1;1;1;1;1;24;45;29;13;8;3;1;2;32;48;30;15
"179";34421;3;"3";NA;9;"0";"0";"0";0;0;0;0;0;0;0;0;0;0;0;0;0;0;0;0;0;0;0;1;1;1;1;0;1;1;1;1;1;1;1;1;1;1;1;1;1;0;1;1;1;1;1;1;1;1;1;1;1;1;1;1;1;1;1;1;1;NA;NA;NA;NA;NA;NA;NA;NA;0;1;1;1;0;0;0;1;1;1;1;1;NA;NA;NA;NA;NA;NA;NA;NA;NA;NA;NA;NA;NA;NA;NA;NA;NA;NA;NA;NA;NA;NA;NA;1;1;1;0;1;1;1;1;1;1;1;1;1;1;1;1;1;1;1;1;1;1;1;1;1;1;1;1;1;0;1;1;1;1;1;1;1;0;1;1;1;1;1;1;1;1;1;1;1;1;1;1;26;49;10;8;1;3;20;4;27;52;30;12
"180";34414;3;"3";NA;9;"0";"0";"0";1;0;0;1;0;0;0;0;0;0;0;0;1;1;0;1;0;0;1;1;0;0;0;0;0;0;0;0;0;1;1;1;1;1;0;1;1;1;1;1;1;1;0;0;1;1;NA;NA;NA;NA;NA;NA;NA;NA;NA;NA;NA;NA;NA;NA;NA;NA;NA;NA;NA;0;1;0;1;0;1;1;0;0;0;1;0;1;NA;NA;NA;NA;NA;NA;NA;NA;NA;NA;NA;NA;NA;NA;NA;NA;NA;NA;NA;NA;NA;NA;1;1;NA;1;1;0;0;1;NA;1;NA;1;1;1;NA;NA;1;1;1;1;1;1;NA;1;1;NA;1;0;1;1;1;0;1;1;NA;1;1;0;1;NA;1;1;NA;1;1;1;1;1;1;0;1;0;13;35;8;6;3;7;22;7;16;42;30;13
"181";34413;4;"3";NA;9;"0";"1";"0";1;1;1;1;1;1;1;1;1;0;0;1;1;1;1;1;0;1;1;1;1;1;1;1;0;1;1;1;1;1;1;1;1;0;1;1;1;1;1;1;1;1;1;NA;NA;NA;NA;NA;NA;NA;NA;NA;NA;NA;NA;NA;NA;NA;NA;NA;NA;NA;NA;NA;NA;1;1;0;1;1;1;NA;NA;NA;NA;NA;NA;NA;NA;NA;NA;NA;NA;NA;NA;NA;NA;NA;NA;NA;NA;NA;NA;NA;NA;NA;NA;NA;NA;NA;NA;NA;NA;NA;NA;NA;NA;NA;NA;NA;0;NA;NA;1;NA;NA;NA;NA;NA;NA;NA;1;NA;NA;NA;NA;1;NA;NA;1;NA;1;1;NA;NA;NA;1;NA;NA;NA;NA;NA;NA;NA;NA;NA;1;NA;NA;NA;NA;NA;12;8;26;5;1;1;4;1;13;9;30;6
"182";34444;3;"3";NA;8;"1";"0";"0";0;1;1;1;1;1;1;1;1;1;1;1;1;1;1;0;1;1;1;1;0;1;1;1;0;1;1;1;1;0;1;0;0;0;1;1;1;1;1;1;1;1;0;0;0;0;1;1;0;0;1;1;1;1;0;0;0;1;1;1;0;0;1;0;0;1;1;1;1;0;1;1;0;0;1;1;0;0;0;0;0;0;1;0;0;1;1;0;0;0;1;1;0;1;0;1;1;0;0;0;1;1;1;1;1;1;1;1;1;1;1;1;1;1;1;1;1;1;1;1;1;1;1;1;1;1;1;1;1;0;1;1;1;1;1;1;1;1;1;1;1;0;1;1;1;1;1;1;1;0;1;1;19;49;25;16;16;3;5;19;35;52;30;35
"183";34458;4;"3";NA;10;"0";"0";"0";1;1;1;1;1;0;0;1;1;1;1;1;1;0;1;1;1;1;1;1;1;1;1;1;1;1;1;1;1;1;1;0;1;1;1;1;1;1;1;1;0;1;0;1;1;1;0;1;0;0;1;1;1;1;1;1;1;1;1;1;0;1;1;1;1;1;1;1;0;0;1;1;0;1;0;1;1;1;1;0;0;1;1;0;0;1;1;0;1;0;0;1;1;1;0;1;1;0;0;NA;1;1;1;1;1;1;1;1;1;1;1;1;1;1;1;1;1;1;1;1;1;1;1;1;1;1;1;1;1;0;1;1;1;1;1;1;1;1;1;1;1;1;1;1;1;1;1;1;1;1;1;0;28;50;27;20;7;2;3;14;35;52;30;34
"184";34435;3;"3";NA;8;"1";"0";"0";1;1;1;1;1;1;1;1;1;1;0;1;1;0;1;1;1;1;1;1;1;1;1;1;1;1;1;1;1;1;1;0;1;1;1;1;1;1;1;1;1;1;0;1;1;1;1;1;1;1;1;1;1;1;1;1;1;1;1;1;1;1;1;1;1;1;1;0;1;0;1;0;0;0;0;0;1;1;0;0;0;0;0;0;0;0;1;0;1;0;1;1;0;0;0;1;0;1;1;0;1;0;1;1;1;0;0;1;1;1;0;0;1;1;1;1;0;1;1;1;1;0;1;0;1;1;1;1;0;0;1;0;1;1;0;0;1;1;0;0;0;0;1;1;1;0;1;1;1;1;0;1;33;33;28;13;2;19;2;22;35;52;30;35
"185";34453;3;"3";NA;9;"1";"0";"0";1;1;1;1;1;1;1;1;1;1;1;1;1;1;1;1;1;1;1;1;1;1;1;1;1;1;1;1;1;1;1;0;1;1;1;1;1;1;1;1;1;1;1;1;1;1;1;1;1;1;1;1;1;1;1;1;1;1;1;1;1;1;1;1;1;1;1;1;1;0;1;1;1;1;1;1;1;1;1;1;1;1;1;1;1;1;1;1;1;1;1;1;1;1;1;1;1;1;1;0;1;0;1;1;1;1;0;1;1;1;1;1;1;1;1;1;1;1;1;1;1;1;1;1;1;1;1;1;1;1;1;1;1;1;1;1;1;1;1;1;1;1;1;1;1;1;1;1;1;1;1;1;34;50;30;33;1;2;0;2;35;52;30;35
"186";34439;3;"3";NA;9;"0";"0";"0";1;0;1;1;1;1;1;1;1;1;1;1;1;1;1;1;1;1;1;1;1;1;1;1;1;1;1;0;1;1;1;0;0;0;0;1;0;0;0;0;0;0;0;0;0;0;0;1;1;1;1;1;1;1;0;1;0;1;1;1;1;1;NA;NA;NA;1;1;1;1;0;1;1;1;1;1;1;1;0;1;1;1;1;1;0;0;1;1;1;1;1;1;1;1;1;NA;NA;NA;NA;NA;NA;1;1;1;1;1;1;1;1;1;1;1;1;1;1;1;1;1;0;1;1;1;1;1;1;1;1;1;1;1;0;1;1;1;1;1;1;1;1;0;1;0;1;1;1;1;1;1;1;1;1;1;1;15;48;28;25;17;4;2;4;32;52;30;29
"187";34447;3;"3";NA;8;"1";"0";"0";1;1;1;1;0;1;1;1;1;0;0;1;1;0;1;1;0;0;0;1;1;1;1;1;0;1;0;1;1;1;1;0;0;0;0;1;0;0;1;1;0;0;0;1;1;0;0;0;1;0;0;1;1;0;0;0;0;0;0;0;0;0;1;1;1;0;0;1;0;1;1;1;0;0;1;1;0;0;1;0;0;0;1;1;0;1;0;1;0;0;0;0;0;0;0;0;0;0;0;1;1;1;1;0;1;1;1;1;0;1;1;1;1;1;1;0;1;1;1;1;1;1;1;1;1;1;1;1;1;0;1;1;1;0;1;1;1;0;1;1;0;0;1;1;1;1;1;1;0;1;1;1;12;43;21;12;23;9;9;23;35;52;30;35
"188";34451;4;"3";NA;10;"1";"0";"0";1;1;1;1;1;1;1;1;1;1;1;1;1;1;1;1;1;1;1;1;1;1;1;1;1;1;1;1;1;0;1;0;0;1;1;1;1;1;1;1;1;1;0;1;1;1;1;1;1;1;1;1;1;1;1;1;1;1;1;1;1;1;1;1;1;1;1;0;1;1;1;1;0;0;1;0;1;0;1;1;0;0;0;0;1;0;0;0;0;0;1;0;0;0;0;0;0;0;0;0;1;0;1;1;1;1;1;1;1;1;0;1;1;1;1;0;1;1;1;1;1;1;1;1;1;1;1;1;1;0;1;1;1;1;1;1;1;1;1;1;1;1;1;1;1;1;1;1;1;1;0;1;32;47;29;12;3;5;1;23;35;52;30;35
"189";34438;3;"3";NA;8;"1";"0";"0";1;1;1;1;1;1;1;1;1;1;1;1;1;1;1;1;1;1;1;1;1;1;1;1;1;1;1;1;1;1;1;1;1;1;1;1;0;1;1;1;1;1;1;1;1;1;1;1;1;1;1;1;1;1;1;1;1;1;1;1;1;1;1;1;1;1;1;1;1;0;1;1;1;1;1;1;1;1;1;1;1;1;1;1;1;1;1;1;1;1;1;1;1;1;1;NA;NA;NA;NA;NA;1;1;1;1;1;1;1;1;1;1;1;1;1;1;1;1;1;1;1;1;1;1;1;1;1;1;1;1;1;1;1;1;1;1;1;1;1;1;1;1;1;1;1;1;1;1;1;1;1;1;1;1;34;52;30;29;1;0;0;1;35;52;30;30
"190";34445;3;"3";NA;9;"0";"0";"0";1;1;1;1;1;1;1;1;1;1;1;1;1;0;1;1;0;1;1;1;1;1;1;1;1;1;1;1;1;1;1;1;1;1;1;1;1;1;1;1;1;1;1;1;1;1;1;1;0;1;1;1;1;1;1;1;1;1;1;1;1;1;1;1;0;1;1;1;1;1;0;1;1;1;1;1;1;0;0;1;1;1;0;0;NA;NA;NA;NA;NA;NA;NA;NA;NA;NA;NA;NA;NA;NA;NA;NA;1;1;1;1;1;1;1;1;1;1;1;1;1;1;1;1;1;1;1;1;1;1;1;1;0;1;1;1;1;0;1;1;1;0;1;1;1;1;1;1;1;1;0;1;1;1;1;1;1;1;1;1;33;48;28;14;2;4;2;5;35;52;30;19
"191";34434;3;"3";NA;9;"0";"0";"0";1;1;1;1;1;1;1;1;1;1;1;1;1;1;1;1;1;1;1;1;1;1;1;1;1;1;1;1;1;1;1;0;0;1;0;0;1;1;0;0;0;0;1;1;0;1;1;1;0;1;0;1;NA;NA;NA;NA;NA;NA;NA;NA;NA;NA;NA;NA;NA;1;1;0;1;0;1;1;1;0;0;1;1;1;1;0;1;0;1;1;0;1;1;1;1;1;1;1;NA;NA;NA;NA;NA;NA;NA;NA;1;1;1;1;0;1;1;1;1;1;1;1;1;1;1;1;1;1;1;1;1;0;1;1;1;1;1;1;1;0;1;1;1;1;1;1;1;1;1;1;1;1;1;1;1;1;1;1;1;1;1;1;11;49;30;20;11;3;0;7;22;52;30;27
"192";34457;3;"3";NA;8;"0";"0";"0";1;1;1;1;1;1;1;1;1;1;1;1;1;0;1;1;1;1;1;1;1;1;1;1;1;1;1;1;1;0;1;1;1;1;1;1;1;1;1;1;1;1;1;1;1;1;1;1;0;1;1;1;1;1;1;1;1;1;1;NA;NA;NA;NA;NA;NA;1;1;1;1;0;1;0;0;1;0;0;0;1;0;0;1;0;0;1;0;1;1;0;0;0;0;0;0;1;1;0;0;1;0;0;1;1;1;1;1;1;1;1;1;1;1;1;1;1;1;1;1;1;1;1;1;1;1;1;1;1;1;1;1;1;1;1;1;1;1;1;1;1;1;1;1;0;1;1;1;1;1;1;1;1;1;1;28;51;28;14;1;1;2;21;29;52;30;35
"193";34448;3;"3";NA;8;"0";"0";"0";1;1;1;1;1;1;1;1;1;1;1;1;1;1;1;1;1;1;1;1;1;1;1;1;1;1;1;1;1;1;1;0;1;1;1;1;1;1;1;0;0;1;0;1;1;0;1;1;0;0;1;1;1;1;0;1;0;1;1;1;0;0;1;1;1;1;1;1;1;0;1;1;1;0;1;1;1;1;1;1;1;1;1;1;1;1;1;1;1;1;1;1;1;1;0;1;1;1;1;1;1;1;0;1;1;0;1;0;0;1;0;1;0;0;0;1;1;1;1;1;1;1;1;1;1;0;1;1;1;1;1;1;0;1;1;1;0;1;1;1;1;1;0;0;1;1;0;0;0;0;1;1;24;35;30;32;11;17;0;3;35;52;30;35
"194";34450;3;"3";NA;8;"0";"0";"0";1;1;1;1;1;1;1;1;1;0;1;1;1;0;1;1;1;1;1;1;1;1;1;1;1;1;1;1;1;0;1;0;1;1;0;1;1;1;1;1;1;1;0;1;0;0;1;1;0;1;1;1;1;1;0;0;1;1;1;1;1;0;1;1;NA;0;1;1;1;1;1;1;0;0;1;1;1;1;1;1;0;0;1;1;0;1;1;1;1;0;1;1;1;1;1;1;1;1;0;0;1;1;1;0;1;1;1;1;1;1;1;1;1;1;1;1;1;1;1;1;1;1;1;1;1;1;1;0;1;0;1;1;1;1;1;1;1;1;1;1;1;1;1;1;1;1;1;1;1;1;1;1;25;49;27;26;9;3;3;9;34;52;30;35
"195";34440;4;"3";NA;9;"0";"0";"0";1;1;1;1;1;1;1;1;1;1;1;1;1;0;1;1;0;1;1;1;0;1;1;1;0;1;1;0;1;1;1;1;0;0;0;0;1;1;1;0;1;1;1;1;1;1;NA;NA;NA;NA;NA;NA;NA;NA;NA;NA;NA;NA;NA;NA;NA;NA;NA;NA;NA;0;1;1;1;0;1;1;0;0;0;1;1;0;NA;NA;NA;NA;NA;NA;NA;NA;NA;NA;NA;NA;NA;NA;NA;NA;NA;NA;NA;NA;NA;NA;1;1;1;1;1;1;1;1;1;1;1;1;1;1;1;1;1;1;1;1;1;1;1;1;1;1;1;0;1;0;1;1;1;1;1;1;1;1;1;1;1;1;0;1;1;1;1;1;1;1;1;0;11;48;25;7;5;4;5;6;16;52;30;13
"196";34455;4;"3";NA;8;"0";"0";"1";1;1;1;1;1;0;0;1;1;0;0;0;1;1;1;1;1;0;0;1;1;1;1;1;1;1;1;1;1;0;0;1;1;1;1;1;1;1;1;1;1;1;0;1;0;1;1;1;1;1;1;1;1;1;0;1;1;NA;NA;NA;NA;NA;NA;NA;NA;1;1;1;1;0;1;0;1;0;1;0;1;0;1;0;0;0;0;0;0;0;0;0;1;1;0;0;1;0;1;0;0;1;0;0;1;1;1;1;1;1;0;NA;1;1;0;1;1;1;1;1;1;1;1;NA;1;1;NA;1;1;1;1;NA;NA;0;1;1;1;1;1;1;NA;1;1;1;0;1;NA;1;NA;1;1;1;1;1;1;0;23;39;22;14;4;5;8;21;27;44;30;35
"197";34436;3;"3";NA;9;"0";"0";"0";1;1;1;1;1;1;1;1;1;1;1;1;1;1;1;1;1;1;1;1;1;1;1;1;1;1;1;1;1;1;1;1;1;1;1;1;1;1;1;1;1;1;1;1;1;1;1;1;0;1;1;1;1;1;1;1;1;1;1;1;1;1;1;1;NA;1;1;1;1;0;1;1;1;1;1;1;1;1;1;1;1;1;1;1;1;NA;NA;NA;NA;NA;NA;NA;NA;NA;NA;NA;NA;NA;NA;NA;1;1;1;1;1;1;NA;1;1;1;1;1;1;1;1;1;1;1;1;1;1;NA;1;NA;1;1;1;1;1;1;1;1;NA;1;1;1;1;NA;1;1;1;NA;1;1;1;1;1;1;1;NA;1;1;33;45;30;19;1;0;0;1;34;45;30;20
"198";34449;3;"3";NA;8;"0";"0";"0";1;1;1;1;0;1;1;1;1;1;1;1;1;0;1;1;1;1;1;1;1;1;1;1;1;1;1;1;1;1;1;0;1;1;0;0;1;1;0;1;0;0;0;1;0;1;1;1;1;1;1;1;1;0;1;0;1;1;1;1;1;1;1;1;1;1;1;1;1;1;1;1;1;0;1;1;1;0;0;NA;NA;NA;NA;NA;NA;NA;NA;NA;NA;NA;NA;NA;NA;NA;NA;NA;NA;NA;NA;NA;1;1;1;1;1;1;0;0;1;1;1;1;1;1;1;1;1;1;1;1;1;1;1;1;1;1;1;1;1;1;1;1;1;1;1;1;1;1;1;1;1;1;0;1;1;1;1;1;0;1;1;1;25;48;28;11;10;4;2;3;35;52;30;14
"199";34456;3;"3";NA;8;"0";"0";"0";1;1;1;1;1;1;1;1;1;1;1;1;1;0;1;1;1;1;1;1;1;1;1;1;1;1;1;1;1;1;1;0;0;0;0;1;1;1;1;0;1;1;1;0;0;1;1;1;0;0;1;1;1;1;1;1;0;1;1;1;0;1;1;1;0;1;1;1;1;0;0;1;1;0;1;1;1;1;0;1;1;0;1;0;NA;NA;NA;NA;NA;NA;NA;NA;NA;NA;NA;NA;NA;NA;NA;NA;1;1;1;0;1;1;1;1;1;1;1;1;1;1;1;1;1;1;1;1;1;1;1;1;1;1;1;1;1;0;1;1;1;1;1;1;1;1;1;1;0;1;1;1;1;1;1;1;1;1;1;1;23;49;29;13;12;3;1;6;35;52;30;19
"200";34443;3;"3";NA;8;"1";"0";"1";1;1;1;1;1;1;1;1;1;1;1;1;1;0;1;1;1;1;1;1;1;1;1;1;1;1;1;1;1;1;1;1;1;1;1;1;1;1;1;1;1;1;1;0;1;1;1;1;1;1;0;1;1;1;1;1;1;1;1;1;1;1;1;1;1;1;0;0;0;0;0;0;0;1;1;0;1;1;1;0;0;0;0;1;0;0;0;0;0;0;1;0;1;0;1;1;0;0;0;0;1;1;1;1;1;1;1;1;1;1;0;1;1;1;1;1;1;1;1;1;1;1;1;1;1;1;1;1;1;0;1;1;1;1;1;1;1;1;1;1;1;1;0;1;1;1;1;1;1;1;1;1;33;49;29;11;2;3;1;24;35;52;30;35
"201";34454;3;"3";NA;8;"1";"0";"1";1;1;0;1;1;1;1;1;1;1;1;1;1;0;1;1;1;1;1;1;1;1;1;1;0;1;1;1;1;0;1;0;0;0;0;0;1;0;0;0;0;1;0;0;0;1;1;1;0;1;1;1;1;1;0;1;1;1;1;1;0;0;NA;NA;NA;1;0;0;1;0;0;0;1;0;1;0;1;0;1;1;0;0;1;0;0;1;0;1;0;0;1;1;1;0;0;1;1;NA;NA;NA;1;1;1;1;1;1;NA;1;1;1;0;1;1;1;1;1;1;1;1;1;1;1;NA;1;1;1;1;1;1;1;1;1;NA;1;1;1;1;1;NA;1;0;1;1;0;1;1;1;NA;1;1;1;0;16;43;26;15;16;4;4;17;32;47;30;32
"202";34437;3;"3";NA;8;"1";"0";"0";1;1;1;1;1;1;1;0;1;1;1;1;1;1;1;1;1;1;1;1;1;1;1;1;1;1;1;1;1;1;1;1;1;1;1;1;1;1;1;1;1;1;0;1;1;1;NA;NA;NA;NA;NA;NA;NA;NA;NA;NA;NA;NA;NA;NA;NA;NA;NA;NA;NA;0;1;1;1;0;1;0;0;0;1;1;1;1;1;0;NA;NA;NA;NA;NA;NA;NA;NA;NA;NA;NA;NA;NA;NA;NA;NA;NA;NA;NA;NA;1;NA;NA;1;NA;NA;NA;NA;NA;1;1;1;NA;1;1;1;1;NA;1;1;1;1;1;1;1;1;NA;1;NA;0;NA;1;1;1;NA;1;1;1;1;1;1;1;0;1;1;1;NA;1;1;1;1;1;15;36;29;9;1;2;1;6;16;38;30;15
"203";34459;3;"3";NA;9;"0";"0";"0";1;1;1;1;1;0;1;1;1;1;1;1;1;0;1;1;1;1;1;1;1;0;1;1;1;1;1;1;1;1;1;0;1;1;0;1;1;1;1;0;0;1;1;1;1;1;1;1;0;1;1;1;1;1;1;1;1;NA;NA;NA;NA;NA;NA;NA;NA;1;1;0;1;0;1;1;0;1;0;1;0;1;0;0;0;0;1;0;0;0;0;0;1;0;0;1;1;0;NA;NA;NA;NA;NA;NA;1;1;1;0;1;0;1;NA;1;1;NA;1;1;1;1;1;0;0;1;1;1;1;1;1;1;1;1;0;1;0;NA;1;1;1;0;1;1;1;1;0;1;1;1;0;1;0;1;1;1;1;NA;1;22;38;27;12;5;10;3;17;27;48;30;29
"204";34442;4;"3";NA;9;"0";"0";"0";1;1;1;1;1;1;1;1;1;1;1;1;1;1;1;1;1;1;1;1;1;1;1;1;1;1;1;1;1;1;1;1;1;1;1;1;0;1;1;1;1;1;1;1;0;1;1;1;1;1;1;1;0;1;1;1;1;1;1;1;1;1;1;1;NA;1;1;0;0;1;1;1;0;0;0;1;0;1;0;0;0;0;1;0;0;0;1;0;0;0;1;1;0;1;0;0;0;NA;NA;NA;1;1;1;1;1;1;1;0;1;1;1;1;1;1;1;1;1;1;1;1;1;1;1;1;1;1;1;1;1;0;1;1;1;1;1;1;1;1;1;1;1;1;1;1;1;1;1;1;1;1;1;1;31;50;30;12;3;2;0;20;34;52;30;32
"205";34452;3;"3";NA;8;"0";"0";"0";1;0;1;0;1;1;1;0;1;0;1;0;1;1;1;0;1;1;1;1;1;1;1;1;1;0;1;1;1;1;1;1;1;1;0;1;1;1;1;1;1;1;1;1;1;1;1;1;1;1;1;1;1;1;1;0;1;1;1;1;1;1;1;1;1;1;1;0;1;0;1;1;1;0;1;1;1;1;1;NA;NA;NA;NA;NA;NA;NA;NA;NA;NA;NA;NA;NA;NA;NA;NA;NA;NA;NA;NA;NA;1;1;1;1;1;1;1;1;1;1;1;1;1;1;1;1;1;1;1;1;1;1;1;1;0;NA;NA;1;1;0;1;1;1;1;1;1;1;1;1;1;NA;NA;0;1;1;NA;1;1;1;1;1;NA;33;43;23;11;2;3;7;3;35;46;30;14
"206";34446;3;"3";NA;9;"0";"0";"0";1;1;1;1;1;1;1;1;1;1;1;1;1;1;1;1;1;1;1;1;1;1;1;1;1;1;1;1;1;1;1;1;1;1;1;1;1;1;1;1;1;1;1;1;1;0;1;1;1;1;1;1;1;1;1;1;1;1;1;1;1;1;1;1;1;0;1;1;1;0;1;1;1;1;1;1;1;1;1;1;1;1;1;1;0;1;1;0;1;1;NA;NA;NA;NA;NA;NA;NA;NA;NA;NA;1;1;1;1;0;1;1;1;1;1;1;1;1;1;1;1;1;1;1;1;1;1;1;1;1;1;1;1;1;1;1;1;1;1;1;1;1;1;1;1;0;1;1;1;1;1;0;0;1;1;1;1;34;48;30;21;1;4;0;4;35;52;30;25
"207";34441;3;"3";NA;8;"0";"0";"0";0;1;1;0;1;0;1;1;1;1;1;1;1;1;1;1;1;1;1;1;1;1;1;1;0;0;1;0;1;1;1;0;0;1;0;0;0;0;1;1;0;0;0;0;0;0;0;0;0;1;1;0;0;0;0;1;0;NA;NA;NA;NA;NA;NA;NA;NA;1;1;1;1;0;0;0;1;1;1;1;1;0;1;1;0;NA;NA;NA;NA;NA;NA;NA;NA;NA;NA;NA;NA;NA;NA;NA;NA;NA;NA;NA;NA;1;1;0;NA;NA;1;NA;NA;1;1;1;1;1;NA;1;1;NA;1;1;1;1;1;1;1;1;1;1;1;0;1;NA;1;1;1;1;1;1;1;1;1;1;1;NA;1;NA;1;1;NA;1;1;1;7;39;24;11;20;2;6;5;27;41;30;16
"208";34480;3;"3";NA;9;"1";"0";"1";1;1;1;1;1;1;1;1;1;1;1;1;1;0;1;1;0;1;1;1;1;1;1;1;0;1;1;1;1;1;1;0;1;0;0;0;1;0;1;0;0;1;0;0;0;0;1;1;0;0;1;0;0;0;0;0;0;0;0;0;0;1;0;0;0;1;1;1;1;0;1;0;0;0;0;0;1;0;0;1;0;0;0;0;1;0;1;0;0;0;0;0;1;0;0;0;0;0;0;0;1;1;1;1;0;0;1;1;1;1;0;0;1;1;1;0;0;1;1;1;1;0;0;0;1;1;1;0;1;0;1;1;1;1;0;0;1;1;1;1;0;0;0;1;0;1;1;1;1;1;0;0;9;33;27;10;26;19;3;25;35;52;30;35
"209";34481;3;"3";NA;9;"0";"0";"0";1;1;1;1;1;1;1;1;1;1;0;1;1;0;1;1;1;1;1;1;1;1;1;1;0;1;1;1;1;1;1;0;1;1;0;1;1;1;1;1;1;1;0;0;1;0;1;1;0;1;1;1;1;1;0;0;0;1;1;1;1;1;1;1;1;1;1;1;1;0;1;0;1;0;1;1;1;1;1;1;0;1;1;1;0;1;1;0;0;1;1;0;NA;NA;NA;NA;NA;NA;NA;NA;NA;1;0;0;1;1;0;NA;0;1;1;0;0;0;NA;NA;NA;1;1;NA;0;0;0;NA;0;1;NA;NA;NA;0;1;0;0;1;1;NA;NA;1;0;1;1;1;NA;0;NA;NA;1;1;NA;1;1;NA;26;19;27;19;9;16;3;8;35;35;30;27
"210";34479;3;"3";NA;8;"0";"0";"1";0;1;0;1;1;1;1;1;1;0;1;1;1;0;1;0;1;1;1;1;1;1;1;1;1;1;1;1;1;0;1;0;0;0;0;1;0;1;0;0;0;0;1;1;0;0;0;0;0;0;0;0;0;0;1;1;0;0;0;0;0;0;0;0;1;0;0;0;0;0;1;1;1;1;0;1;0;0;1;1;1;1;1;1;1;0;1;0;0;0;0;0;0;0;0;0;0;1;0;0;0;1;1;1;0;1;1;1;0;0;0;1;1;1;1;0;1;0;1;0;1;1;0;0;0;0;0;0;1;0;1;0;1;1;1;0;1;0;0;1;0;0;1;1;0;0;1;0;0;0;1;1;8;26;24;14;27;26;6;21;35;52;30;35
"211";34488;3;"3";NA;8;"0";"0";"0";1;1;1;1;1;1;1;1;1;0;1;1;0;1;1;1;1;1;1;1;1;1;1;1;1;1;1;1;1;1;1;1;1;1;1;1;1;1;1;1;1;1;0;1;1;1;1;1;1;1;1;1;1;1;1;1;1;1;1;1;1;1;0;1;0;1;1;1;1;0;1;1;1;1;1;1;1;1;1;1;0;1;1;0;1;1;1;1;1;1;1;1;1;1;0;1;1;1;0;0;1;1;1;1;1;1;1;1;1;1;1;1;1;1;1;1;0;1;1;1;1;1;1;1;1;1;1;1;1;1;1;1;1;1;1;1;1;1;1;1;1;1;1;1;1;1;1;1;1;1;1;1;32;51;28;29;3;1;2;6;35;52;30;35
"212";34467;3;"3";NA;9;"1";"0";"0";1;1;1;1;1;1;1;1;1;1;1;1;1;0;1;1;1;1;1;1;1;1;1;1;1;1;1;1;1;1;1;1;1;1;1;1;1;1;1;1;1;1;1;1;1;1;1;1;0;1;1;1;1;1;1;1;1;1;1;1;1;1;1;1;1;1;1;1;1;0;1;1;1;1;1;1;1;1;1;1;1;1;1;1;0;1;1;1;1;NA;NA;NA;NA;NA;NA;NA;NA;NA;NA;NA;1;1;1;1;1;1;1;1;1;1;1;0;1;1;1;1;1;1;1;1;1;1;1;1;1;1;1;1;1;1;1;1;1;1;1;1;1;1;1;1;1;1;1;1;1;1;1;1;1;1;1;1;34;51;29;22;1;1;1;2;35;52;30;24
"213";34464;3;"3";NA;9;"0";"0";"0";1;1;1;1;1;1;1;1;1;1;1;1;1;0;1;1;1;1;1;1;1;1;1;1;1;1;1;1;1;1;1;1;1;1;1;1;1;1;1;1;1;1;1;1;1;1;1;1;0;1;1;1;1;1;1;1;1;1;1;1;1;1;1;1;1;1;1;1;1;0;1;1;1;1;1;1;1;1;1;1;1;1;1;1;0;1;1;1;1;NA;NA;NA;NA;NA;NA;NA;NA;NA;NA;NA;1;1;1;1;1;1;1;1;1;1;1;1;1;1;1;1;1;1;1;1;1;1;1;1;1;1;1;1;1;1;1;1;1;1;1;1;1;1;1;1;1;1;1;1;1;0;1;1;1;1;1;1;34;51;29;22;1;1;1;2;35;52;30;24
"214";34466;3;"3";NA;9;"0";"0";"0";1;1;1;1;1;1;1;1;1;1;1;1;1;0;1;1;1;1;1;1;1;1;1;1;1;1;1;1;1;1;1;1;1;1;1;1;1;1;1;0;1;1;0;1;1;0;1;1;1;0;1;1;1;1;0;1;1;1;1;1;0;0;1;1;1;1;0;1;1;1;1;1;1;1;1;1;1;0;1;1;1;1;1;0;1;1;1;0;1;1;1;NA;NA;NA;NA;NA;NA;NA;NA;NA;1;1;1;1;1;1;1;1;1;1;1;1;1;1;1;1;1;1;1;1;1;1;1;1;1;1;1;1;1;0;1;1;1;1;1;1;1;1;1;1;1;1;1;1;1;1;1;1;1;1;1;1;28;51;29;22;7;1;1;4;35;52;30;26
"215";34468;3;"3";NA;8;"1";"0";"0";1;1;1;1;1;1;1;1;1;1;1;1;1;0;1;1;1;1;1;1;1;1;0;1;1;1;1;1;1;0;1;0;1;1;1;0;1;1;1;1;1;1;1;1;1;1;1;1;0;1;1;1;1;1;1;1;1;1;1;1;1;1;1;1;0;0;1;0;1;0;1;1;0;0;0;0;0;1;0;0;0;1;1;0;0;1;1;1;0;0;1;1;1;1;0;1;1;0;0;1;0;1;1;1;0;1;1;1;1;1;0;0;1;1;1;1;1;1;1;1;1;0;1;1;1;1;1;1;1;0;1;1;1;1;0;0;1;1;1;1;1;1;1;1;1;1;1;1;1;1;1;0;31;43;27;17;4;9;3;18;35;52;30;35
"216";34483;3;"3";NA;9;"1";"0";"1";1;1;1;1;1;1;1;1;1;1;1;1;1;0;1;1;1;1;1;1;1;1;1;1;1;1;1;1;1;1;1;0;1;1;1;1;1;0;1;1;1;1;1;1;1;1;1;1;0;1;1;1;1;1;1;1;1;1;1;1;1;1;1;1;1;0;1;1;1;1;1;1;1;1;1;1;1;1;1;1;1;1;1;1;0;0;0;0;0;0;NA;NA;NA;NA;NA;NA;NA;NA;NA;NA;1;1;1;1;0;1;1;1;1;1;1;1;1;1;1;1;0;1;1;1;1;1;1;1;1;1;1;1;1;0;1;1;1;1;1;1;1;1;0;1;1;1;1;1;1;1;1;1;1;1;0;1;32;47;29;18;3;5;1;7;35;52;30;25
"217";34490;3;"3";NA;8;"1";"0";"0";1;1;1;1;1;1;1;1;1;1;1;1;1;1;1;1;1;1;1;1;1;1;1;1;1;1;1;1;1;0;1;1;1;1;1;1;1;1;1;1;1;1;1;1;1;1;1;1;1;1;1;1;0;1;1;1;1;1;1;1;1;1;1;1;1;0;1;1;1;0;1;1;1;1;1;1;1;1;0;0;0;1;0;NA;NA;NA;NA;NA;NA;NA;NA;NA;NA;NA;NA;NA;NA;NA;NA;NA;1;1;1;1;NA;1;1;1;NA;1;1;NA;1;1;1;1;1;1;1;NA;NA;1;NA;NA;1;NA;1;1;1;0;1;NA;1;1;1;NA;1;1;1;1;0;NA;1;1;1;1;NA;NA;1;1;1;0;34;36;29;12;1;3;1;6;35;39;30;18
"218";34474;3;"3";NA;8;"1";"0";"0";1;1;1;1;1;1;1;1;1;1;1;1;1;1;1;1;1;1;1;1;1;1;1;1;1;1;1;1;1;0;1;1;1;1;1;1;1;1;1;1;1;1;1;1;1;1;1;1;0;1;1;1;1;1;1;1;1;1;1;1;1;1;1;1;0;1;1;1;1;0;1;1;0;0;1;1;1;0;1;1;1;1;1;1;0;1;1;0;1;1;1;1;1;1;NA;NA;NA;NA;NA;NA;1;1;1;1;1;0;0;1;1;1;0;1;1;1;1;0;0;1;1;1;1;1;1;0;1;1;1;1;1;0;1;1;1;1;1;1;1;0;1;1;1;1;1;1;1;1;1;1;1;1;1;1;33;44;29;23;2;8;1;6;35;52;30;29
"219";34470;3;"3";NA;8;"0";"0";"0";1;1;1;1;1;1;1;1;1;1;1;1;1;1;1;1;1;1;1;1;1;1;1;1;1;1;1;1;1;1;1;0;1;0;0;0;1;1;1;1;0;1;1;0;1;1;1;1;0;0;1;1;1;1;1;1;1;1;1;1;NA;NA;NA;NA;NA;1;1;1;1;1;1;1;1;1;1;1;1;1;1;1;NA;NA;NA;NA;NA;NA;NA;NA;NA;NA;NA;NA;NA;NA;NA;NA;NA;NA;NA;NA;1;1;1;1;1;1;1;1;1;1;1;1;1;1;1;1;1;1;1;1;0;1;1;1;1;1;1;1;1;1;1;1;1;1;1;1;1;1;1;1;1;1;1;1;1;1;1;1;1;1;1;1;22;51;30;15;8;1;0;0;30;52;30;15
"220";34476;3;"3";NA;9;"1";"0";"0";1;1;1;1;1;1;1;1;1;1;1;1;1;0;1;1;1;1;1;1;1;1;1;1;1;1;1;1;1;0;1;1;1;1;1;1;1;1;1;1;1;1;1;1;1;1;1;1;0;1;1;1;1;1;1;1;0;1;1;1;1;1;1;1;0;1;1;1;1;1;1;1;1;1;1;1;1;1;1;0;1;1;1;NA;NA;NA;NA;NA;NA;NA;NA;NA;NA;NA;NA;NA;NA;NA;NA;NA;1;1;1;1;1;1;1;1;1;1;0;1;1;1;1;1;1;1;1;1;1;1;1;1;1;1;1;1;1;1;1;1;1;1;1;1;1;1;1;1;1;1;1;1;1;1;1;1;1;1;1;1;32;51;28;17;3;1;2;1;35;52;30;18
"221";34469;3;"3";NA;8;"0";"0";"0";1;1;1;1;1;1;1;1;1;1;1;1;1;1;1;1;1;1;1;1;1;1;1;0;1;1;1;1;1;1;1;1;1;1;1;1;1;1;1;1;1;1;1;1;1;1;1;1;0;1;1;1;1;1;1;1;0;1;1;1;1;1;1;1;0;1;1;0;0;0;1;1;1;0;1;1;1;1;1;1;1;1;NA;NA;NA;NA;NA;NA;NA;NA;NA;NA;NA;NA;NA;NA;NA;NA;NA;NA;1;1;1;1;1;1;1;1;1;1;1;1;1;1;1;1;1;1;1;1;1;1;1;1;1;1;1;1;1;0;1;1;1;1;1;1;1;1;1;0;0;1;1;1;1;1;1;1;1;1;1;1;32;49;29;13;3;3;1;4;35;52;30;17
"222";34478;3;"3";NA;8;"0";"0";"0";1;1;1;1;1;1;1;1;1;1;1;1;1;1;1;1;1;1;1;1;1;1;1;1;1;1;1;1;1;0;1;1;1;1;1;1;1;1;1;1;1;1;1;1;1;0;1;1;1;1;1;1;1;1;1;1;1;1;1;1;1;1;1;1;1;1;1;0;1;0;1;1;0;1;0;1;1;1;1;1;0;1;0;1;1;0;1;1;1;NA;NA;NA;NA;NA;NA;NA;NA;NA;NA;NA;1;1;1;1;0;1;1;1;1;1;1;1;1;1;1;1;1;1;1;1;1;0;1;1;1;1;1;1;1;0;1;1;1;1;1;1;1;1;0;0;1;1;1;1;0;1;1;1;1;1;1;1;34;46;29;17;1;6;1;7;35;52;30;24
"223";34487;3;"3";NA;8;"0";"0";"0";1;1;1;1;1;1;1;1;1;1;1;1;1;1;1;1;1;1;1;1;1;1;1;1;1;1;1;1;1;1;1;1;1;1;1;1;1;1;1;0;0;1;1;1;1;1;1;1;0;0;1;1;1;1;1;1;1;1;1;1;0;1;1;1;1;0;1;1;0;1;1;1;0;0;1;1;1;1;0;0;0;1;0;0;0;1;0;0;0;0;0;1;0;NA;NA;NA;NA;NA;NA;NA;1;1;1;1;1;1;1;1;1;1;1;1;1;1;1;1;1;1;1;1;1;0;1;1;1;1;1;0;1;1;1;0;1;1;1;1;1;1;1;1;1;1;1;1;1;1;1;1;1;1;1;1;30;49;30;12;5;3;0;16;35;52;30;28
"224";34482;3;"3";NA;9;"0";"0";"0";1;1;1;1;1;1;1;1;1;1;1;1;1;0;1;1;1;1;1;1;1;1;1;1;1;1;1;1;1;1;1;1;1;1;1;1;1;1;1;1;1;1;1;1;1;1;1;1;1;1;1;1;1;1;1;1;1;1;1;1;1;NA;NA;NA;NA;1;1;1;1;0;1;1;0;1;1;1;1;1;1;1;1;NA;NA;NA;NA;NA;NA;NA;NA;NA;NA;NA;NA;NA;NA;NA;NA;NA;NA;NA;1;1;1;1;NA;NA;1;NA;1;1;1;1;1;1;1;1;1;NA;1;NA;1;NA;1;1;1;1;1;1;0;0;NA;NA;1;1;0;1;NA;1;1;NA;0;1;NA;1;1;1;NA;NA;1;1;1;1;31;35;29;14;0;4;1;2;31;39;30;16
"225";34471;3;"3";NA;8;"0";"0";"0";1;1;1;1;1;1;1;1;1;1;1;1;1;1;1;1;1;1;1;1;1;1;1;1;1;1;1;1;1;1;1;0;1;1;1;1;1;1;1;1;1;1;1;1;1;1;1;1;0;1;1;1;1;1;1;1;1;1;1;1;1;1;1;1;1;1;1;1;1;0;1;1;0;1;1;1;1;1;1;1;1;1;1;0;NA;NA;NA;NA;NA;NA;NA;NA;NA;NA;NA;NA;NA;NA;NA;NA;1;1;1;1;1;1;1;1;1;1;1;1;1;1;1;1;1;1;1;1;1;1;1;1;1;1;1;1;1;1;1;1;1;1;1;1;1;1;1;1;1;1;1;1;1;0;1;1;1;1;1;1;33;51;30;16;2;1;0;3;35;52;30;19
"226";34472;3;"3";NA;8;"0";"0";"0";1;1;1;1;1;1;1;1;1;1;1;1;1;1;1;0;1;1;1;1;1;1;1;1;1;1;1;1;1;0;1;0;1;1;1;1;1;0;1;1;1;1;1;1;1;1;1;1;0;1;1;1;1;1;0;1;1;1;1;1;0;1;1;1;1;1;1;1;0;0;1;1;1;0;1;1;1;1;1;1;1;1;1;0;0;1;1;NA;NA;NA;NA;NA;NA;NA;NA;NA;NA;NA;NA;NA;NA;NA;1;1;1;1;NA;NA;NA;1;1;NA;1;1;NA;NA;NA;NA;1;1;1;1;1;NA;1;1;NA;1;0;1;NA;1;1;1;1;1;1;1;1;NA;NA;1;NA;1;1;0;1;1;NA;1;1;1;30;33;28;17;5;2;2;5;35;35;30;22
"227";34484;3;"3";NA;8;"1";"0";"1";1;1;1;1;1;1;1;1;1;1;1;1;1;0;1;0;1;1;1;0;1;1;1;1;0;1;1;0;1;0;1;1;1;1;0;1;1;1;1;0;1;1;0;1;1;1;1;1;0;1;1;1;1;1;1;0;1;1;1;1;1;1;1;0;1;1;1;0;0;0;1;1;0;0;0;1;1;0;0;0;0;0;0;0;0;1;0;1;0;1;1;1;0;1;0;1;NA;NA;NA;NA;1;1;1;0;1;1;1;1;1;1;1;1;0;1;1;1;0;1;1;1;1;1;1;1;1;1;1;1;1;0;1;1;1;1;1;1;1;1;1;1;1;1;1;1;1;1;1;1;1;1;1;1;29;48;24;13;6;4;6;18;35;52;30;31
"228";34477;3;"3";NA;9;"0";"0";"0";1;1;1;1;1;1;1;0;1;1;1;1;1;0;1;1;1;1;1;1;1;1;1;1;1;1;1;1;1;1;1;1;1;1;1;1;1;1;1;1;0;1;1;1;1;1;1;1;1;1;1;1;1;1;1;1;1;1;1;1;NA;NA;NA;NA;NA;1;1;0;1;0;1;1;1;1;0;1;1;1;0;1;0;1;0;NA;NA;NA;NA;NA;NA;NA;NA;NA;NA;NA;NA;NA;NA;NA;NA;NA;1;0;1;1;0;0;1;1;1;1;1;1;1;1;1;1;1;0;1;1;1;1;1;1;1;1;1;0;1;0;1;1;1;1;1;0;1;1;1;1;1;1;1;1;1;1;1;1;1;1;1;1;29;45;28;12;1;7;2;6;30;52;30;18
"229";34486;3;"3";NA;8;"0";"0";"1";1;1;1;1;0;1;1;1;1;1;1;1;1;0;1;1;1;1;1;1;1;1;1;1;0;0;1;1;0;0;0;0;0;0;0;0;0;1;1;1;1;1;1;0;1;1;1;1;0;1;1;1;1;1;1;1;1;1;1;1;0;1;1;NA;NA;1;1;1;0;0;0;1;0;1;0;0;1;1;0;0;0;0;0;1;0;0;0;0;0;0;1;0;0;1;1;0;0;1;1;0;NA;NA;1;1;1;0;NA;1;1;1;1;1;1;1;1;0;NA;1;1;1;1;NA;1;1;1;1;NA;1;1;0;NA;NA;1;1;NA;NA;1;NA;1;0;1;1;NA;1;1;1;1;NA;NA;1;1;1;23;34;24;13;10;4;6;22;33;38;30;35
"230";34473;3;"3";NA;8;"1";"0";"0";1;1;1;1;1;1;1;1;1;1;1;1;1;1;1;1;1;1;1;1;1;1;1;1;1;1;1;1;1;0;1;0;1;1;1;1;1;1;1;0;1;1;1;1;1;1;1;1;1;1;1;1;1;1;1;NA;NA;NA;NA;NA;NA;NA;NA;NA;NA;1;1;1;1;0;1;1;1;0;0;1;0;0;0;0;1;0;0;0;1;1;0;0;0;0;0;0;0;0;1;0;1;0;0;0;NA;1;1;1;1;1;1;NA;NA;NA;1;1;1;1;1;NA;NA;1;1;NA;NA;NA;NA;NA;1;1;NA;NA;NA;0;1;NA;NA;1;1;1;NA;NA;NA;1;NA;1;1;1;1;NA;1;1;1;NA;1;1;23;29;29;13;2;1;1;22;25;30;30;35
"231";34465;3;"3";NA;9;"1";"0";"0";1;1;1;1;1;1;1;1;1;1;1;1;1;0;1;1;1;1;1;1;1;1;1;1;1;1;1;1;1;0;1;1;1;1;1;1;1;1;1;1;1;1;0;0;1;NA;NA;NA;NA;NA;NA;NA;NA;NA;NA;NA;NA;NA;NA;NA;NA;NA;NA;NA;NA;1;0;0;0;0;0;1;0;1;1;0;0;0;0;0;0;0;0;0;1;0;0;0;0;0;0;0;1;1;0;1;1;0;0;0;1;1;1;0;0;1;NA;1;1;1;1;0;1;1;1;0;0;1;0;1;1;1;1;1;1;1;1;0;NA;1;1;1;1;0;1;1;1;1;0;0;0;0;1;1;1;1;1;0;1;1;1;0;13;36;28;9;2;14;2;26;15;50;30;35
"232";34489;3;"3";NA;9;"1";"0";"0";1;1;1;1;1;1;1;0;1;1;1;1;1;0;1;1;0;1;1;1;1;1;1;1;1;1;1;1;1;1;1;0;0;1;0;0;1;1;0;0;0;0;0;0;0;0;1;1;0;1;0;1;0;0;0;0;0;1;0;0;0;0;0;NA;NA;1;1;1;1;0;1;1;1;1;NA;NA;NA;NA;NA;NA;NA;NA;NA;NA;NA;NA;NA;NA;NA;NA;NA;NA;NA;NA;NA;NA;NA;NA;NA;NA;1;1;1;1;1;1;1;1;1;1;1;1;1;1;1;1;1;1;1;1;1;1;1;1;1;1;1;1;1;0;1;1;1;1;1;1;1;1;1;1;1;1;1;1;1;1;1;1;1;1;1;1;9;51;27;8;24;1;3;1;33;52;30;9
"233";10595;4;"4";NA;9;"1";"0";"0";1;1;1;0;1;1;1;1;1;1;1;0;1;1;1;1;1;1;1;1;1;1;1;1;1;1;1;1;1;1;1;1;1;1;0;1;1;1;1;1;1;1;1;1;0;1;1;1;1;1;1;1;1;1;0;1;1;1;1;1;0;1;1;1;0;1;1;1;1;0;1;1;0;0;0;1;1;1;0;1;1;1;1;1;0;1;1;1;1;0;1;1;1;1;0;1;1;1;1;0;1;1;1;1;1;1;1;1;1;1;1;0;1;1;1;1;1;1;1;1;1;1;1;1;1;1;1;1;1;1;1;1;1;1;1;1;1;1;1;1;1;1;1;1;1;1;1;1;1;1;1;1;30;51;28;26;5;1;2;9;35;52;30;35
"234";10582;4;"4";NA;10;"0";"0";"0";1;1;1;1;1;1;1;1;1;1;1;1;1;0;1;1;1;1;1;1;1;1;1;1;1;1;1;1;1;1;1;1;1;1;1;1;1;0;1;0;1;1;1;1;1;1;1;1;0;0;1;1;1;1;1;1;1;1;1;1;1;1;1;1;1;1;1;1;1;0;1;1;1;0;1;1;1;1;1;1;1;1;1;0;0;1;1;1;1;0;1;1;1;1;0;1;1;NA;NA;NA;1;1;1;0;1;1;1;1;1;1;1;1;1;1;1;0;1;1;1;1;1;1;1;1;1;1;1;0;0;0;1;1;1;1;1;1;1;1;1;1;1;1;1;1;1;1;1;1;1;1;1;1;31;47;29;26;4;5;1;6;35;52;30;32
"235";10584;4;"4";NA;9;"1";"0";"0";1;1;1;1;1;1;1;1;1;1;0;1;1;0;1;1;1;1;1;1;1;1;1;1;1;1;1;1;1;1;1;0;1;1;1;1;1;1;1;0;1;1;1;1;1;1;1;1;0;0;1;1;1;1;1;1;0;1;1;1;0;1;1;1;0;0;1;0;1;0;1;1;1;0;1;1;1;1;1;1;1;1;1;0;0;1;1;1;1;1;1;1;1;1;NA;NA;NA;NA;NA;NA;1;1;1;1;1;1;1;1;1;1;1;1;1;1;1;1;0;1;1;1;1;1;1;1;1;1;1;1;1;1;1;1;1;1;1;1;1;1;1;1;1;1;1;1;1;1;1;1;1;1;1;1;28;51;28;23;7;1;2;6;35;52;30;29
"236";10586;4;"4";NA;10;"0";"0";"0";1;1;1;1;1;1;1;1;1;1;1;1;1;1;1;1;1;1;1;1;1;1;1;1;1;1;1;1;1;1;1;1;1;1;1;1;1;1;1;1;1;1;1;1;1;1;1;1;1;1;1;1;1;1;1;1;1;1;1;1;1;1;1;1;1;1;1;1;1;1;1;1;1;1;1;1;1;1;1;1;0;1;1;1;1;1;1;1;1;1;1;1;1;1;0;1;1;1;1;1;1;1;1;1;0;1;1;1;1;1;1;1;1;1;1;1;1;1;1;1;1;1;1;1;1;1;1;1;1;1;1;1;1;1;1;1;1;1;1;1;1;1;1;1;1;1;1;1;1;1;1;1;35;51;30;33;0;1;0;2;35;52;30;35
"237";10602;4;"4";NA;9;"1";"0";"0";1;1;1;1;1;1;1;1;1;1;1;1;0;0;1;1;1;1;1;1;1;1;1;1;1;1;1;1;1;1;1;0;1;1;0;1;1;1;1;0;0;1;1;1;1;1;1;1;0;1;1;1;1;1;0;1;0;1;1;1;1;1;1;1;1;1;1;1;1;0;1;1;0;1;1;1;1;1;0;0;1;1;1;0;1;1;1;1;1;1;1;1;1;1;1;1;1;0;0;1;1;1;0;1;1;1;1;1;1;1;1;0;1;1;1;1;1;1;1;1;1;1;1;1;1;1;1;1;1;1;1;1;1;1;1;1;1;1;1;1;1;1;1;1;1;1;1;1;1;1;1;1;28;50;28;28;7;2;2;7;35;52;30;35
"238";10594;4;"4";NA;9;"0";"0";"0";1;0;1;1;1;1;1;1;0;1;1;0;1;0;1;1;0;0;1;1;0;1;1;1;1;1;0;0;1;1;1;0;1;1;1;1;1;1;1;1;1;1;0;1;1;0;1;1;0;1;1;1;1;1;0;1;1;1;1;1;1;1;1;1;1;1;1;1;1;1;1;1;1;1;1;1;1;1;0;1;0;1;1;1;1;1;1;1;1;1;1;1;1;1;0;NA;NA;NA;NA;NA;1;0;1;1;1;1;1;1;1;1;1;1;0;1;1;1;1;1;1;1;1;1;0;1;1;1;1;1;1;1;1;1;1;1;1;1;1;1;1;1;1;1;1;1;1;1;1;1;1;1;1;1;30;49;21;27;5;3;9;3;35;52;30;30
"239";10596;4;"4";NA;10;"1";"0";"0";1;0;1;1;1;1;1;1;1;1;1;1;1;1;1;1;1;1;1;1;1;1;1;1;0;1;1;1;1;1;1;1;1;1;1;1;1;1;1;1;1;1;1;1;1;1;1;1;0;1;1;1;1;1;1;1;1;1;1;1;0;1;1;1;1;0;1;1;1;1;1;1;1;1;1;1;1;1;1;0;1;1;1;1;1;1;1;1;1;1;1;1;1;1;1;1;1;1;1;0;1;1;1;1;1;1;1;1;1;1;1;1;1;1;1;1;1;1;1;1;1;1;1;1;1;1;1;1;1;1;1;1;1;1;1;1;1;1;1;1;1;1;1;1;1;1;1;1;1;1;1;1;33;52;28;32;2;0;2;3;35;52;30;35
"240";10604;4;"4";NA;10;"1";"0";"0";0;0;1;0;0;0;0;0;0;0;0;1;0;1;0;0;1;0;0;0;1;1;0;1;1;1;0;0;1;1;1;0;1;1;1;1;1;1;1;0;1;1;1;1;1;1;1;0;0;0;0;0;0;0;1;0;0;0;0;0;0;0;0;0;1;0;0;0;0;0;1;0;0;0;1;0;0;1;1;0;0;0;1;0;1;1;1;0;1;0;1;0;0;0;1;1;1;1;0;0;0;1;0;0;1;1;0;1;0;1;1;1;0;1;0;1;1;1;1;0;0;1;1;1;1;1;1;1;1;1;0;1;1;0;1;1;0;1;1;1;1;1;1;0;1;1;0;1;0;1;0;1;17;36;11;14;18;16;19;21;35;52;30;35
"241";10589;4;"4";NA;9;"1";"0";"0";1;1;1;1;0;1;1;1;1;1;1;1;1;1;1;1;1;1;1;1;1;1;1;1;1;1;1;1;1;1;0;1;0;0;0;1;0;1;0;0;0;0;0;1;1;0;0;0;1;0;0;0;0;0;0;1;1;0;0;0;0;0;0;0;1;1;1;1;0;0;1;1;1;0;0;1;0;0;0;1;0;0;0;0;0;0;0;0;0;0;0;0;0;0;0;0;1;0;0;1;1;1;1;1;0;1;1;1;0;1;1;0;1;1;1;1;1;1;1;1;1;1;1;1;1;1;1;1;1;0;1;1;1;1;1;1;1;1;1;1;1;1;1;1;1;1;1;1;1;1;1;1;9;48;29;10;26;4;1;25;35;52;30;35
"242";10601;4;"4";NA;9;"1";"0";"0";1;1;1;1;1;1;1;1;1;1;1;1;1;0;1;1;1;1;1;1;1;1;1;1;1;1;1;1;1;1;1;1;1;1;1;1;1;1;1;1;1;1;1;1;1;1;1;1;0;1;1;1;1;1;1;1;1;1;1;1;1;1;1;1;1;1;1;1;1;1;1;1;1;1;1;1;1;1;1;1;1;1;1;1;1;1;1;1;1;1;1;1;1;1;0;NA;NA;NA;NA;NA;1;1;1;1;1;1;1;1;1;1;1;1;1;1;1;1;1;1;1;1;0;1;1;1;1;1;1;1;1;1;1;1;1;1;1;1;1;1;1;1;1;1;1;1;1;1;1;1;1;1;1;1;34;51;29;29;1;1;1;1;35;52;30;30
"243";10598;4;"4";NA;9;"0";"0";"0";1;1;1;0;1;1;1;1;1;1;1;1;1;0;1;1;1;1;1;1;1;1;1;1;1;1;1;1;1;0;1;1;1;1;1;1;1;1;1;1;1;1;1;1;1;1;1;1;0;1;1;1;1;1;1;1;0;1;1;1;1;1;1;1;0;1;1;1;1;0;1;1;1;1;1;1;1;1;1;1;0;1;1;1;0;1;1;1;1;1;1;1;1;1;1;1;1;1;1;1;1;1;1;1;1;1;1;1;1;1;1;1;1;1;1;1;0;1;1;1;1;1;1;1;1;1;1;1;1;1;1;1;1;1;1;1;1;1;1;1;1;0;1;1;1;1;1;1;1;1;1;1;32;50;27;32;3;2;3;3;35;52;30;35
"244";10590;5;"4";NA;10;"1";"0";"0";0;1;1;1;1;1;1;1;1;1;1;1;1;0;1;1;1;1;1;1;1;1;1;1;1;1;1;1;1;1;1;0;0;0;0;1;0;0;0;0;0;1;0;0;0;0;0;1;1;0;0;1;0;0;0;1;0;0;0;1;1;0;0;1;0;0;1;1;1;0;1;1;1;0;1;1;1;0;1;1;0;1;1;1;0;1;1;1;1;0;NA;NA;NA;NA;NA;NA;NA;NA;NA;NA;1;1;0;1;1;1;1;1;1;0;1;1;1;1;1;1;1;0;1;1;1;1;1;1;1;1;1;1;1;1;1;0;1;0;1;1;1;1;1;1;1;1;1;1;0;1;1;1;1;1;1;0;10;45;28;18;25;7;2;7;35;52;30;25
"245";10588;4;"4";NA;9;"1";"0";"0";1;1;1;1;1;1;1;1;1;1;1;1;0;0;1;1;1;1;1;1;1;0;1;1;0;1;0;0;0;0;1;0;0;0;0;0;1;0;0;1;0;0;0;0;0;1;1;0;0;0;1;0;0;1;0;1;0;0;0;1;0;1;0;1;0;0;1;0;0;0;0;1;0;0;0;1;0;0;1;0;0;0;0;0;1;0;0;1;1;0;0;0;0;0;1;0;0;0;1;0;1;0;0;1;0;0;0;1;1;1;0;0;1;1;1;0;0;0;1;1;0;0;0;0;1;1;1;0;0;0;1;0;0;1;0;0;1;1;0;0;0;0;1;1;0;0;1;1;1;1;0;0;11;23;22;9;24;29;8;26;35;52;30;35
"246";10600;4;"4";NA;9;"0";"0";"0";0;1;1;1;1;1;1;1;1;1;1;1;1;0;1;1;1;1;1;1;1;1;1;0;1;1;1;1;1;1;1;0;1;0;1;1;1;1;1;1;0;1;1;0;1;1;1;1;0;1;1;1;1;1;1;1;0;1;1;1;0;1;1;1;0;1;1;1;1;0;1;1;0;0;0;1;1;1;0;0;1;0;1;0;0;1;0;1;0;0;0;1;1;1;0;1;1;1;0;0;1;1;1;1;1;1;1;1;1;1;1;1;1;1;1;1;1;1;1;1;1;1;1;1;1;1;1;1;1;0;1;1;1;1;1;1;1;1;1;1;1;1;1;1;1;1;1;1;1;1;1;1;27;51;27;19;8;1;3;16;35;52;30;35
"247";10583;4;"4";NA;10;"0";"0";"0";0;1;1;1;1;1;1;1;1;1;1;0;1;0;1;1;1;1;1;1;1;1;1;1;1;1;1;1;1;1;1;0;1;0;0;1;1;0;0;0;0;0;0;0;0;0;0;1;0;1;0;1;1;0;0;0;0;1;0;0;0;1;1;0;0;1;1;1;1;0;1;1;1;0;1;1;1;1;0;1;0;1;1;1;NA;NA;NA;NA;NA;NA;NA;NA;NA;NA;NA;NA;NA;NA;NA;NA;1;1;1;1;1;1;1;1;1;1;1;0;1;1;1;1;1;0;1;1;1;1;1;1;1;1;1;0;1;0;1;1;0;1;0;1;1;1;0;0;0;1;1;1;0;1;1;1;1;1;1;0;11;41;27;15;24;11;3;4;35;52;30;19
"248";10591;5;"4";NA;10;"0";"0";"0";1;1;1;1;1;1;1;0;1;1;1;0;1;0;1;1;1;1;1;1;1;1;1;1;0;1;1;1;1;1;0;1;0;0;1;0;0;0;0;0;0;0;0;1;1;0;1;1;1;1;1;1;1;1;0;0;1;1;1;1;1;1;1;1;1;1;0;1;1;0;1;0;0;0;1;1;0;0;1;0;0;1;0;0;0;1;0;0;1;0;1;1;1;0;1;0;1;0;0;0;1;1;1;1;1;1;0;1;0;1;1;0;1;1;1;0;1;0;1;1;1;0;0;1;1;1;1;0;1;0;1;0;1;1;1;1;1;1;1;1;0;1;0;1;1;0;1;1;0;1;1;0;21;37;26;15;14;15;4;20;35;52;30;35
"249";10593;4;"4";NA;9;"0";"0";"0";1;1;1;1;1;1;1;1;1;1;1;1;1;1;1;1;1;1;1;1;1;1;1;1;1;1;1;1;1;1;1;0;1;1;1;1;1;1;1;0;1;1;1;1;1;1;1;1;1;1;1;1;1;1;1;1;0;1;1;1;1;1;1;1;0;1;1;1;1;0;1;1;1;1;1;1;1;0;1;1;0;1;1;1;1;1;1;1;1;1;1;1;1;1;1;1;1;1;1;1;1;1;1;1;1;1;1;1;1;1;1;0;1;1;1;1;1;1;1;1;1;1;1;1;1;1;1;1;1;1;1;1;1;1;1;1;1;1;1;1;1;0;1;1;1;1;1;1;1;1;1;1;31;50;30;32;4;2;0;3;35;52;30;35
"250";10597;4;"4";NA;10;"0";"0";"0";1;1;1;1;1;1;1;1;1;1;1;1;1;0;1;1;1;1;1;1;1;1;1;1;1;1;1;1;1;1;1;1;1;1;0;1;1;1;1;0;1;1;1;0;1;1;1;1;1;1;1;1;1;1;1;1;0;1;1;1;1;1;1;1;NA;1;1;1;1;1;1;1;1;1;1;1;1;1;1;1;0;1;1;1;0;1;1;1;1;1;1;1;1;1;1;1;1;1;1;0;1;1;1;1;1;1;1;1;1;1;1;1;1;1;1;1;1;1;1;1;1;1;1;1;1;1;1;1;1;1;1;1;1;1;1;1;1;1;1;1;1;1;1;1;1;1;1;1;1;1;1;1;30;52;29;32;4;0;1;3;34;52;30;35
"251";10599;4;"4";NA;9;"0";"0";"0";1;1;1;0;1;1;1;1;1;1;1;1;1;1;1;1;1;1;1;1;1;1;1;1;1;1;1;1;1;1;1;1;1;1;0;1;1;1;1;1;1;1;1;1;1;1;1;1;1;1;1;1;1;1;1;1;1;1;1;1;1;1;1;1;0;1;1;1;1;1;1;1;1;1;1;1;1;1;1;1;1;1;1;1;1;1;1;1;1;1;1;1;1;1;1;NA;NA;NA;NA;NA;1;1;1;0;1;1;1;1;1;1;1;1;1;1;1;1;1;1;1;1;1;1;1;1;1;1;1;1;1;1;1;1;1;1;1;1;1;1;1;1;1;1;1;1;1;1;1;1;1;1;1;1;33;51;29;30;2;1;1;0;35;52;30;30
"252";10603;4;"4";NA;10;"1";"0";"0";1;1;1;1;1;1;1;1;1;1;1;1;1;1;1;1;1;0;1;1;1;1;1;1;0;1;0;1;1;1;1;1;1;1;1;1;1;1;1;1;1;1;1;0;0;0;1;1;1;1;1;1;1;1;1;1;1;1;1;1;0;1;1;0;1;0;1;1;1;1;1;1;1;0;1;1;1;1;1;1;1;1;1;1;NA;NA;NA;NA;NA;NA;NA;NA;NA;NA;NA;NA;NA;NA;NA;NA;1;1;1;1;1;1;1;0;1;1;1;1;1;1;1;1;1;1;1;1;1;1;1;1;1;1;1;1;1;0;1;1;1;1;1;1;1;1;1;1;0;1;1;1;1;1;1;1;1;1;1;1;30;49;27;17;5;3;3;2;35;52;30;19
"253";23761;2;"2";NA;7;"0";"0";"0";1;1;1;1;1;1;1;1;1;1;1;1;1;1;1;1;1;1;1;1;1;1;1;1;1;1;1;1;1;1;1;1;1;1;1;1;1;1;1;1;1;1;0;1;1;0;1;1;0;1;NA;NA;NA;NA;NA;NA;NA;NA;NA;NA;NA;NA;NA;NA;NA;1;1;1;1;0;1;1;1;1;1;1;1;1;1;1;1;1;1;1;0;1;NA;NA;NA;NA;NA;NA;NA;NA;NA;NA;NA;NA;NA;NA;1;1;1;1;1;1;1;1;1;1;1;1;1;1;1;1;1;1;1;1;1;1;1;1;1;1;1;1;1;1;1;1;1;1;1;1;1;1;1;1;1;1;1;1;1;1;1;1;1;1;1;1;17;52;30;19;3;0;0;2;20;52;30;21
"254";23762;2;"2";NA;7;"0";"0";"0";1;1;1;0;0;1;1;1;1;1;1;0;1;0;1;1;0;1;1;1;1;1;1;1;0;0;1;1;1;0;1;1;1;1;1;1;1;1;1;1;1;1;0;1;1;0;1;1;1;1;1;1;1;1;0;NA;NA;NA;NA;NA;NA;NA;NA;NA;NA;0;0;1;0;0;0;1;0;0;0;1;1;0;1;0;0;0;0;0;NA;NA;NA;NA;NA;NA;NA;NA;NA;NA;NA;NA;NA;NA;NA;NA;1;1;1;1;1;1;1;1;1;1;1;0;1;1;1;1;1;1;1;1;1;1;1;1;1;1;1;1;1;1;1;1;1;1;1;1;1;1;1;1;1;1;1;1;1;1;1;1;1;1;1;0;22;50;22;5;3;2;8;14;25;52;30;19
"255";23763;2;"2";NA;7;"0";"0";"0";1;1;1;1;1;1;1;1;1;1;1;1;1;1;1;1;0;1;1;1;1;0;1;1;1;1;0;1;1;1;1;0;1;1;1;1;0;1;1;1;1;1;1;1;1;1;0;1;1;1;1;1;1;1;0;0;1;1;1;1;1;1;1;0;1;1;1;1;1;0;1;1;1;1;1;1;1;1;1;NA;NA;NA;NA;NA;NA;NA;NA;NA;NA;NA;NA;NA;NA;NA;NA;NA;NA;NA;NA;NA;1;1;NA;1;1;1;1;1;0;1;1;1;1;1;1;1;1;1;1;1;1;1;0;1;0;NA;1;1;1;0;1;1;1;0;0;1;1;1;1;NA;1;1;1;1;1;1;1;1;0;1;1;1;29;42;27;13;6;7;3;1;35;49;30;14
"256";23764;2;"2";NA;7;"0";"0";"0";1;1;0;1;1;1;1;1;1;1;1;1;1;1;1;1;1;1;1;1;1;1;1;1;1;1;1;1;1;1;1;1;1;1;1;1;1;1;1;1;1;1;1;1;1;1;1;1;1;1;1;1;1;1;1;1;1;1;1;1;1;1;1;1;0;1;1;1;1;0;1;1;1;1;0;NA;NA;NA;NA;NA;NA;NA;NA;NA;NA;NA;NA;NA;NA;NA;NA;NA;NA;NA;NA;NA;NA;NA;NA;NA;1;1;1;1;1;1;1;1;1;1;1;1;1;1;1;1;1;1;1;1;1;1;1;1;1;1;1;1;1;0;1;1;1;1;1;1;1;1;1;1;1;1;1;1;1;1;1;1;1;1;1;1;34;51;29;8;1;1;1;2;35;52;30;10
"257";23759;2;"2";NA;7;"0";"0";"0";0;1;0;1;0;1;1;1;1;1;1;1;1;1;1;0;1;1;0;1;1;1;1;1;0;1;1;1;1;0;1;1;1;0;1;1;1;1;1;1;1;1;1;1;1;1;1;1;1;1;1;1;1;1;1;0;0;1;1;1;1;1;1;1;1;0;1;0;0;0;1;1;1;1;0;1;1;1;1;0;0;NA;NA;NA;NA;NA;NA;NA;NA;NA;NA;NA;NA;NA;NA;NA;NA;NA;NA;NA;NA;1;1;1;NA;1;NA;1;NA;1;NA;NA;NA;NA;NA;NA;0;1;NA;NA;NA;NA;NA;NA;NA;1;1;1;NA;NA;NA;NA;NA;0;1;NA;NA;NA;1;1;NA;NA;1;NA;NA;NA;NA;1;NA;NA;NA;0;32;15;23;9;3;3;7;7;35;18;30;16
"258";23756;2;"2";NA;7;"1";"0";"0";1;1;1;1;0;0;1;1;1;1;1;1;1;0;1;0;1;1;1;1;1;0;1;0;0;1;1;1;1;0;1;1;1;0;1;1;1;0;1;1;1;1;0;0;1;1;1;1;0;1;1;1;1;1;0;1;0;1;1;1;1;0;0;1;0;1;1;0;0;0;0;0;0;0;1;0;0;0;0;0;0;0;1;0;0;0;1;0;0;0;0;1;0;1;0;0;0;0;0;0;1;1;1;1;1;1;1;1;1;1;1;1;1;1;1;1;1;1;1;1;1;1;1;1;1;1;1;0;1;0;1;0;1;0;1;0;1;0;1;1;1;1;1;1;1;1;1;1;1;1;1;1;25;46;22;7;10;6;8;28;35;52;30;35
"259";23749;2;"2";NA;8;"0";"0";"0";1;1;1;1;1;1;1;1;1;1;1;1;1;0;1;0;0;1;0;1;1;1;1;1;1;1;0;1;1;1;1;1;0;1;1;1;1;1;1;1;1;1;1;1;1;0;1;1;1;1;1;1;1;1;0;1;1;NA;NA;NA;NA;NA;NA;NA;NA;1;1;1;0;0;0;1;0;1;1;1;1;0;1;1;0;0;1;1;NA;NA;NA;NA;NA;NA;NA;NA;NA;NA;NA;NA;NA;NA;NA;NA;1;0;1;1;0;1;1;NA;1;1;0;NA;NA;0;NA;NA;0;NA;1;1;1;0;1;NA;1;NA;1;0;1;0;1;1;1;1;NA;NA;NA;1;1;NA;1;1;1;1;1;NA;NA;NA;1;NA;1;1;24;28;25;12;3;8;5;7;27;36;30;19
"260";23760;2;"2";NA;7;"0";"0";"0";1;1;1;1;1;1;1;1;1;1;1;0;1;1;1;0;0;1;1;1;1;1;1;1;1;1;1;1;1;1;1;1;1;1;1;1;1;1;1;1;1;1;1;1;1;1;1;1;1;1;1;1;1;1;0;0;1;1;1;1;1;1;1;1;1;1;1;0;0;1;1;1;1;0;1;1;1;1;NA;NA;NA;NA;NA;NA;NA;NA;NA;NA;NA;NA;NA;NA;NA;NA;NA;NA;NA;NA;NA;NA;1;1;1;1;1;1;1;1;1;1;1;1;1;1;1;0;1;1;1;1;1;1;1;1;1;1;1;1;1;0;1;1;1;1;1;1;1;1;1;1;1;1;1;1;1;1;1;1;1;1;1;0;33;49;27;10;2;3;3;3;35;52;30;13
"261";23755;2;"2";NA;7;"1";"0";"0";0;1;1;1;1;1;1;1;1;1;1;1;1;0;1;1;1;1;1;1;1;0;1;1;1;1;1;1;1;0;1;1;1;1;1;1;1;1;1;1;1;1;1;1;1;1;1;1;1;1;1;1;1;1;1;1;1;1;1;1;1;1;0;1;0;0;1;1;1;1;1;1;1;1;NA;NA;NA;NA;NA;NA;NA;NA;NA;NA;NA;NA;NA;NA;NA;NA;NA;NA;NA;NA;NA;NA;NA;NA;NA;NA;1;NA;1;0;1;1;1;1;NA;1;1;0;1;1;1;NA;1;1;1;1;NA;1;NA;NA;0;1;NA;1;1;0;1;1;1;1;1;1;1;1;1;NA;1;1;0;1;1;1;NA;1;1;0;1;1;33;37;26;8;2;6;4;1;35;43;30;9
"262";23753;2;"2";NA;7;"1";"0";"0";1;1;1;1;1;1;0;0;1;1;1;0;1;0;1;1;1;1;0;1;1;1;1;1;1;1;1;1;1;1;1;1;1;1;1;1;1;1;1;1;1;1;1;1;1;1;1;0;1;1;1;1;1;1;1;1;1;1;1;1;1;1;1;1;1;1;0;1;1;0;1;1;0;1;0;0;0;1;0;0;0;0;0;1;0;0;0;1;1;0;0;0;0;0;0;0;0;1;NA;NA;NA;NA;NA;0;0;NA;1;1;1;1;1;1;1;1;1;1;1;1;1;0;0;1;1;1;1;1;1;NA;1;0;1;1;1;1;1;1;1;1;1;1;1;1;NA;NA;1;NA;1;0;1;NA;0;0;34;35;25;11;1;8;5;22;35;43;30;33
"263";23757;2;"2";NA;8;"1";"0";"0";1;1;1;1;0;1;0;1;1;1;1;0;1;0;1;0;1;0;1;1;1;1;1;1;1;1;1;1;1;0;1;0;0;1;1;0;1;1;1;1;1;1;0;1;1;1;1;1;0;1;1;1;1;1;1;1;0;1;1;1;0;0;1;1;0;1;1;1;0;0;1;1;1;1;1;1;0;1;1;NA;NA;NA;NA;NA;NA;NA;NA;NA;NA;NA;NA;NA;NA;NA;NA;NA;NA;NA;NA;NA;1;1;1;1;1;1;1;1;1;1;1;1;1;1;1;1;1;1;1;1;1;1;1;1;1;1;1;1;1;0;1;1;1;1;1;1;1;1;1;1;0;1;1;1;1;1;1;1;1;1;1;1;26;50;23;11;9;2;7;3;35;52;30;14
"264";23751;2;"2";NA;7;"1";"0";"0";0;0;0;0;0;0;0;1;0;0;0;1;1;0;1;0;0;1;0;0;0;1;0;0;0;0;1;1;1;0;1;0;0;0;0;0;0;0;0;0;0;0;0;1;1;1;1;1;0;0;0;0;0;0;0;0;0;1;1;1;1;1;1;1;0;0;1;0;0;0;0;0;0;0;0;0;0;0;1;0;1;1;0;NA;NA;NA;NA;NA;NA;NA;NA;NA;NA;NA;NA;NA;NA;NA;NA;NA;1;1;1;1;0;1;0;1;1;1;1;0;1;0;1;1;0;0;1;0;1;1;0;0;0;1;1;NA;1;1;NA;1;1;1;0;1;1;1;0;1;0;0;NA;1;NA;0;1;1;1;1;0;0;13;31;9;4;22;17;21;14;35;48;30;18
"265";23758;2;"2";NA;8;"1";"0";"0";1;1;1;1;1;1;1;1;1;1;1;1;1;1;1;0;1;1;1;1;1;1;0;1;0;0;1;1;1;0;1;1;1;1;1;0;1;1;1;1;1;1;1;1;0;1;1;1;1;1;1;1;1;1;0;0;1;1;1;1;1;1;1;1;1;1;1;1;1;0;1;1;1;0;1;NA;NA;NA;NA;NA;NA;NA;NA;NA;NA;NA;NA;NA;NA;NA;NA;NA;NA;NA;NA;NA;NA;NA;NA;NA;1;1;1;1;1;NA;1;1;NA;1;0;0;NA;1;1;1;1;1;1;1;1;1;1;NA;1;NA;NA;0;1;NA;1;1;NA;1;0;1;1;1;0;1;1;1;1;1;1;NA;1;0;1;1;1;NA;31;36;25;8;4;6;5;2;35;42;30;10
"266";23748;2;"2";NA;7;"1";"0";"0";0;1;1;1;0;1;1;0;1;0;0;0;0;0;1;0;0;1;0;1;1;0;1;0;1;0;0;0;1;0;1;0;1;1;1;0;1;1;1;1;1;1;1;1;1;1;1;1;0;1;1;1;0;1;1;1;0;1;1;1;1;1;1;0;1;0;1;1;0;0;1;0;1;0;1;0;1;0;1;0;0;0;0;0;0;0;1;0;0;1;0;0;0;0;0;1;0;0;1;0;NA;NA;1;1;1;1;1;1;NA;1;NA;1;NA;1;1;NA;NA;1;1;1;1;1;1;1;1;1;NA;1;1;NA;1;1;1;1;1;1;1;1;NA;1;0;1;NA;NA;1;1;1;NA;1;1;0;1;29;37;13;11;6;2;17;24;35;39;30;35
"267";23754;2;"2";NA;8;"1";"0";"0";1;1;0;0;1;1;0;0;0;0;1;0;0;1;1;1;1;0;0;0;0;1;1;0;0;0;0;1;0;0;1;0;1;0;1;1;1;1;1;0;0;1;0;0;1;0;0;0;0;0;0;0;0;1;0;1;0;0;0;0;0;0;1;1;0;1;0;0;0;0;0;0;0;0;0;1;0;1;1;0;0;0;1;0;0;0;0;1;1;0;0;1;0;0;1;0;1;0;0;0;1;0;1;1;0;0;0;1;1;1;0;0;1;1;1;0;0;0;1;1;1;0;0;0;1;1;1;0;0;0;1;0;1;1;1;0;1;1;0;0;0;1;1;1;0;0;1;1;1;1;0;0;13;28;12;10;22;24;18;25;35;52;30;35
"268";23750;2;"2";NA;7;"1";"0";"0";0;1;1;0;0;1;1;1;1;1;1;0;1;1;0;1;0;1;0;0;0;0;0;0;0;0;1;1;1;0;1;0;1;1;1;0;0;0;1;1;0;1;0;1;0;0;1;1;0;1;1;1;1;1;0;1;0;1;1;1;0;0;1;0;0;0;1;1;0;0;1;1;1;0;0;0;0;0;0;1;0;0;1;1;0;1;0;0;0;0;0;0;0;0;0;0;0;1;1;0;NA;NA;NA;1;1;NA;1;1;1;NA;NA;1;1;1;1;0;NA;NA;NA;NA;NA;NA;1;NA;0;NA;NA;NA;NA;NA;1;NA;NA;0;NA;0;NA;NA;1;NA;NA;1;0;1;NA;0;1;NA;NA;NA;NA;NA;20;15;15;11;15;6;15;24;35;21;30;35
"269";23752;2;"2";NA;7;"1";"0";"0";1;1;1;1;1;1;1;1;1;1;1;1;1;0;1;1;1;1;1;1;1;1;1;1;1;1;1;1;1;1;1;0;1;0;1;0;1;0;1;0;1;1;1;0;1;1;1;0;1;1;NA;NA;NA;NA;NA;NA;NA;NA;NA;NA;NA;NA;NA;NA;NA;1;1;1;1;0;0;1;1;NA;NA;NA;NA;NA;NA;NA;NA;NA;NA;NA;NA;NA;NA;NA;NA;NA;NA;NA;NA;NA;NA;NA;NA;NA;NA;NA;NA;0;NA;1;0;NA;NA;1;NA;1;0;0;1;1;1;1;NA;0;1;1;1;0;NA;NA;1;1;NA;0;0;NA;1;1;1;1;NA;1;NA;NA;NA;1;1;1;NA;1;1;NA;NA;1;1;NA;NA;NA;13;24;29;6;7;8;1;2;20;32;30;8
"270";31435;2;"2";NA;9;"1";"0";"0";1;0;1;0;0;0;0;0;0;0;1;1;0;0;1;0;0;1;1;1;1;0;0;1;1;0;1;1;1;0;1;0;1;0;0;0;1;0;1;0;0;1;0;0;0;0;1;1;0;0;1;1;1;1;0;0;0;1;1;1;1;0;1;1;0;0;0;1;0;0;0;1;0;0;1;1;1;0;0;0;0;0;0;1;0;0;0;0;0;0;0;0;0;0;1;1;1;1;1;0;0;0;0;0;1;0;0;1;0;1;1;0;1;1;1;1;1;0;1;0;0;1;1;0;1;1;1;1;0;0;1;1;0;1;1;1;0;0;1;0;1;0;0;0;0;1;1;0;0;0;0;0;17;25;14;11;18;27;16;24;35;52;30;35
"271";31436;2;"2";NA;7;"1";"0";"0";1;1;0;1;1;1;1;0;1;1;1;1;1;1;1;1;1;1;1;1;1;1;1;1;0;1;1;1;1;0;1;1;1;0;0;1;1;1;1;1;0;1;1;0;0;1;1;1;1;1;1;1;1;1;0;1;0;1;1;1;1;1;1;0;NA;1;1;0;1;1;1;1;1;0;1;1;0;1;1;0;0;1;NA;NA;NA;NA;NA;NA;NA;NA;NA;NA;NA;NA;NA;NA;NA;NA;NA;NA;1;1;1;1;1;1;1;1;1;1;1;1;1;1;1;1;1;1;0;1;1;1;1;0;1;1;1;1;1;0;1;1;1;1;1;1;1;1;1;1;1;1;1;1;1;1;1;1;1;1;1;1;26;49;26;12;8;3;4;5;34;52;30;17
"272";31422;2;"2";NA;7;"1";"0";"0";1;1;1;1;1;1;1;0;1;1;1;0;1;1;1;1;1;1;0;1;1;1;1;1;0;1;1;1;1;0;1;0;1;1;1;0;1;1;1;1;1;1;1;1;1;1;1;1;0;1;1;1;1;1;1;1;1;1;1;1;1;1;1;1;0;1;1;1;1;1;1;1;0;0;0;1;1;0;1;1;0;1;NA;NA;NA;NA;NA;NA;NA;NA;NA;NA;NA;NA;NA;NA;NA;NA;NA;NA;NA;1;0;1;1;NA;NA;0;0;0;1;1;NA;1;NA;NA;NA;0;1;0;0;0;1;NA;0;1;0;NA;0;0;NA;1;0;1;1;NA;1;1;1;1;0;1;NA;NA;1;NA;NA;NA;0;0;0;1;31;19;25;12;4;17;5;5;35;36;30;17
"273";31431;2;"2";NA;7;"0";"0";"0";1;1;1;1;1;1;1;1;1;1;1;1;1;0;1;1;1;1;1;1;1;1;1;1;1;1;1;1;1;1;1;1;1;1;1;1;1;1;1;1;1;1;1;1;1;1;1;1;1;1;1;1;1;1;1;1;1;1;1;1;1;1;1;1;1;1;1;0;1;1;1;1;1;1;1;1;1;0;NA;NA;NA;NA;NA;NA;NA;NA;NA;NA;NA;NA;NA;NA;NA;NA;NA;NA;NA;NA;NA;NA;1;1;1;1;1;1;1;1;1;1;1;1;1;1;1;1;1;1;1;1;1;1;1;1;1;1;1;1;1;0;1;1;1;0;1;1;1;1;1;1;1;1;1;1;1;1;1;1;1;1;1;1;35;50;29;11;0;2;1;2;35;52;30;13
"274";31426;2;"2";NA;7;"0";"0";"0";1;1;1;1;1;1;1;1;1;1;1;0;1;1;0;1;1;1;1;0;1;0;0;1;0;0;0;0;0;0;1;0;1;1;1;1;1;1;1;0;0;1;1;1;1;1;1;1;0;1;1;1;1;1;1;0;1;1;1;1;1;1;1;1;1;1;1;1;1;1;1;1;1;1;1;1;0;0;1;0;NA;NA;NA;NA;NA;NA;NA;NA;NA;NA;NA;NA;NA;NA;NA;NA;NA;NA;NA;NA;0;1;0;0;1;1;1;0;0;0;1;1;0;0;1;1;1;1;1;0;0;1;1;1;0;0;0;1;1;1;0;1;0;0;1;1;0;0;1;1;1;1;0;0;1;1;0;0;0;0;1;1;30;28;19;12;5;24;11;3;35;52;30;15
"275";31424;2;"2";NA;7;"0";"0";"0";1;1;1;1;1;1;1;0;1;1;1;0;1;1;1;1;1;1;1;1;1;1;1;1;1;1;1;1;1;0;1;1;1;1;1;1;1;1;1;0;1;1;1;1;1;1;1;0;0;1;1;1;1;1;1;0;1;1;1;1;1;1;1;1;1;1;1;1;1;0;1;1;1;1;1;1;1;1;1;1;1;1;1;NA;NA;NA;NA;NA;NA;NA;NA;NA;NA;NA;NA;NA;NA;NA;NA;NA;1;1;1;1;1;1;1;1;1;1;1;1;1;1;1;1;1;1;1;1;1;1;1;1;1;1;1;1;1;0;1;1;1;1;1;1;1;1;1;1;1;1;1;1;1;1;1;1;1;1;0;1;31;50;27;17;4;2;3;1;35;52;30;18
"276";31429;2;"2";NA;7;"1";"0";"0";1;1;1;0;1;1;0;0;1;1;1;1;1;0;1;1;0;1;1;1;1;1;1;1;0;1;1;1;1;0;1;1;1;1;1;1;1;1;1;1;1;1;1;1;1;1;1;1;1;1;1;1;0;1;1;1;1;1;1;1;NA;NA;NA;NA;NA;0;1;1;1;0;1;0;0;NA;NA;NA;NA;NA;NA;NA;NA;NA;NA;NA;NA;NA;NA;NA;NA;NA;NA;NA;NA;NA;NA;NA;NA;NA;NA;NA;1;0;1;1;0;0;0;1;1;1;1;1;1;1;1;0;0;0;1;1;1;1;0;0;1;0;1;0;0;0;1;0;1;1;1;0;1;1;0;0;0;0;1;0;1;1;1;1;1;1;0;1;29;31;23;4;1;21;7;4;30;52;30;8
"277";31437;2;"2";NA;9;"0";"0";"0";1;1;1;1;1;1;1;1;1;1;1;1;1;0;1;1;0;1;1;1;1;1;1;0;1;0;1;0;1;1;1;0;1;0;1;1;1;0;1;0;1;1;1;1;1;1;1;1;0;0;1;1;1;1;0;1;0;1;1;1;1;1;1;1;0;1;1;0;1;0;1;1;1;0;0;1;1;1;1;0;0;1;1;0;0;1;1;0;1;0;1;1;0;0;0;1;NA;NA;NA;NA;1;1;1;1;0;0;0;1;1;1;0;0;1;1;1;0;0;1;1;1;1;0;1;0;1;1;1;1;1;0;1;1;1;1;0;1;1;1;0;0;0;0;1;1;1;0;1;1;1;1;1;1;26;36;25;18;9;16;5;13;35;52;30;31
"278";31428;2;"2";NA;7;"0";"0";"0";1;0;1;1;1;1;0;1;1;1;1;0;1;0;1;1;0;1;1;1;1;0;1;1;0;1;1;1;1;1;1;1;1;0;1;0;1;1;1;1;1;1;1;1;1;1;1;1;0;1;1;1;1;1;0;1;1;1;1;1;1;NA;NA;NA;NA;1;1;1;1;0;NA;NA;NA;NA;NA;NA;NA;NA;NA;NA;NA;NA;NA;NA;NA;NA;NA;NA;NA;NA;NA;NA;NA;NA;NA;NA;NA;NA;NA;NA;1;1;0;0;1;1;NA;1;1;1;1;1;1;1;1;NA;1;1;1;1;NA;1;NA;1;0;1;1;1;1;0;1;1;1;1;NA;1;NA;NA;1;1;NA;1;1;NA;1;1;1;1;1;1;1;1;27;39;23;4;4;4;7;1;31;43;30;5
"279";31423;2;"2";NA;7;"0";"0";"0";1;1;1;1;1;1;1;1;1;0;0;1;1;0;1;1;1;1;1;1;1;1;1;1;1;1;1;1;1;1;1;1;1;0;1;0;1;1;1;1;1;1;1;1;1;1;1;1;1;1;NA;NA;NA;NA;NA;NA;NA;NA;NA;NA;NA;NA;NA;NA;NA;1;1;1;1;0;1;1;1;1;1;1;1;1;NA;NA;NA;NA;NA;NA;NA;NA;NA;NA;NA;NA;NA;NA;NA;NA;NA;NA;NA;NA;NA;NA;1;1;1;1;1;1;1;1;1;1;1;1;1;1;1;1;1;1;1;1;1;1;1;1;1;1;1;1;1;0;1;1;1;1;1;1;1;1;1;1;1;0;0;1;1;1;1;1;1;1;1;1;18;49;27;12;2;3;3;1;20;52;30;13
"280";31432;2;"2";NA;8;"1";"0";"0";1;1;1;1;1;1;0;1;1;1;1;1;1;0;0;1;1;1;1;1;1;1;1;1;0;1;1;1;1;0;1;0;0;0;0;1;0;0;1;0;1;1;0;1;0;0;NA;NA;NA;NA;NA;NA;NA;NA;NA;NA;NA;NA;NA;NA;NA;NA;NA;NA;NA;1;1;1;1;0;1;1;1;0;1;NA;NA;NA;NA;NA;NA;NA;NA;NA;NA;NA;NA;NA;NA;NA;NA;NA;NA;NA;NA;NA;NA;NA;NA;NA;NA;1;1;1;NA;1;1;1;1;1;0;1;NA;1;NA;1;1;NA;1;NA;1;1;NA;1;1;1;1;1;NA;0;NA;1;1;1;1;NA;1;1;NA;1;1;1;NA;1;1;1;1;1;1;1;1;NA;6;37;25;8;10;2;5;2;16;39;30;10
"281";31434;2;"2";NA;8;"1";"0";"0";1;0;1;1;1;1;1;1;1;1;1;1;1;1;1;0;1;1;1;1;1;1;1;0;0;0;1;1;1;0;1;0;1;1;0;1;1;1;1;1;1;1;1;1;1;1;1;1;1;1;1;1;1;1;1;1;0;1;1;1;0;1;1;1;1;1;1;1;1;0;1;1;0;0;1;NA;NA;NA;NA;NA;NA;NA;NA;NA;NA;NA;NA;NA;NA;NA;NA;NA;NA;NA;NA;NA;NA;NA;NA;NA;1;1;NA;1;NA;1;1;1;NA;1;1;0;1;1;1;NA;1;0;1;1;NA;1;1;NA;1;NA;1;1;NA;0;1;1;NA;1;1;NA;1;1;1;1;1;NA;0;1;1;1;1;1;1;NA;1;1;31;36;24;7;4;4;6;3;35;40;30;10
"282";34752;4;"4";NA;9;"0";"0";"0";1;1;1;1;1;1;1;1;1;1;1;1;1;0;1;1;1;1;1;1;1;1;1;1;1;1;1;1;1;1;1;1;1;1;1;1;1;1;1;1;0;1;1;1;1;1;1;1;0;0;1;1;1;1;1;1;0;1;1;1;0;1;1;1;1;1;1;1;1;0;1;1;1;0;0;1;1;1;1;1;0;1;1;0;1;1;1;0;1;1;1;1;1;1;0;1;1;1;0;0;1;1;1;1;1;1;1;1;1;1;1;1;1;1;1;1;1;1;1;1;1;1;1;1;1;1;1;1;1;0;1;1;1;1;1;1;1;1;1;1;1;1;1;1;1;1;1;1;1;1;1;1;30;51;29;26;5;1;1;9;35;52;30;35
"283";34748;4;"4";NA;10;"0";"0";"0";1;1;1;1;1;1;1;1;1;1;1;1;1;1;1;1;1;1;1;1;1;1;1;1;0;1;1;0;1;1;1;0;1;1;1;1;1;1;1;1;1;1;1;1;1;1;1;1;0;1;1;1;1;1;1;1;0;1;1;1;1;1;1;1;1;1;1;1;1;1;1;1;1;1;1;1;1;1;1;1;1;1;1;1;1;1;1;1;1;1;1;1;1;1;1;1;1;1;1;1;1;1;1;1;1;1;1;1;1;1;1;1;1;1;1;1;1;1;1;1;1;1;1;1;1;1;1;1;1;1;1;1;1;1;1;1;1;1;1;1;1;1;1;1;1;1;1;1;1;1;1;1;32;52;28;35;3;0;2;0;35;52;30;35
"284";34759;4;"4";NA;9;"1";"0";"0";1;1;1;1;1;1;1;1;1;1;1;1;1;1;1;1;1;1;1;1;1;1;1;1;1;1;1;1;1;1;1;1;1;1;1;1;1;1;1;1;1;1;1;1;1;1;1;1;0;1;1;1;1;1;1;1;1;1;1;1;1;1;1;1;0;1;1;1;1;0;1;1;1;1;1;1;1;1;1;1;0;1;1;0;0;1;1;1;1;1;1;1;1;1;NA;NA;NA;NA;NA;NA;1;1;1;0;1;1;1;1;1;1;1;0;1;1;1;1;1;1;1;1;1;1;1;1;1;1;1;1;1;1;1;1;1;1;1;1;1;1;1;1;1;1;1;1;1;1;1;1;1;1;1;1;33;50;30;25;2;2;0;4;35;52;30;29
"285";34769;4;"4";NA;10;"1";"0";"0";1;1;1;1;1;1;1;1;1;1;1;1;1;1;1;1;1;1;1;1;1;1;1;1;1;1;1;1;1;1;1;1;1;1;1;1;1;1;1;1;1;1;1;1;1;1;1;1;1;1;1;1;1;1;1;1;0;1;1;1;1;1;1;1;0;1;1;1;1;0;1;1;1;1;1;1;1;1;1;1;1;1;1;1;1;1;1;1;1;1;1;1;1;1;1;1;1;1;1;1;1;1;1;1;1;0;1;1;1;1;1;1;1;1;1;1;1;1;1;1;1;1;1;1;1;1;1;1;1;1;1;1;1;1;1;1;1;1;1;1;1;0;1;1;1;1;1;1;1;1;1;1;33;50;30;34;2;2;0;1;35;52;30;35
"286";34756;4;"4";NA;10;"1";"0";"0";1;1;1;1;0;1;1;1;1;1;1;1;0;1;1;1;1;1;1;1;1;1;1;1;1;1;1;1;1;1;1;1;1;1;1;1;1;1;1;1;1;1;1;1;1;1;1;1;1;0;1;1;1;1;1;1;0;1;1;1;0;1;1;1;0;1;1;0;1;0;0;0;1;1;1;0;0;0;1;1;0;1;0;0;0;0;1;0;0;0;1;0;0;1;0;1;1;1;1;0;1;1;1;1;1;1;1;1;1;1;1;1;1;1;1;1;1;1;1;1;1;1;1;1;1;1;1;1;1;1;1;1;1;1;1;1;1;1;1;1;1;1;1;1;1;0;1;1;1;1;1;1;31;51;28;16;4;1;2;19;35;52;30;35
"287";34749;4;"4";NA;9;"1";"0";"0";1;1;1;1;1;1;1;1;1;1;1;1;1;1;1;1;1;1;1;1;1;1;1;1;0;1;1;1;1;1;1;1;1;1;1;1;1;1;1;1;1;1;1;1;1;1;1;1;0;1;1;1;1;1;0;1;1;1;1;1;1;1;1;1;0;1;1;1;1;1;1;0;1;1;0;1;0;0;0;0;0;0;0;0;0;0;0;1;0;0;0;0;0;0;0;0;0;0;0;1;1;1;1;1;1;0;1;1;1;1;1;1;1;1;1;1;1;1;1;1;1;0;1;1;1;1;1;0;1;0;1;1;1;1;1;1;1;1;1;1;1;1;1;1;1;1;1;1;1;1;1;1;32;48;29;11;3;4;1;24;35;52;30;35
"288";34758;4;"4";NA;10;"1";"0";"0";1;1;1;1;1;1;1;1;1;1;1;1;1;0;1;1;1;1;1;1;1;1;1;1;1;1;1;1;1;1;1;0;1;1;1;1;1;1;1;1;0;1;0;1;1;1;1;0;1;1;1;1;1;1;0;1;1;1;1;1;1;1;1;1;1;1;1;1;1;0;1;1;1;0;0;1;1;1;1;0;1;1;1;0;1;1;0;0;0;0;1;1;1;NA;NA;NA;NA;NA;NA;NA;1;0;1;1;1;1;1;1;1;1;1;1;1;1;1;0;1;1;1;1;1;1;1;1;1;1;1;1;1;1;1;1;1;1;1;1;1;1;1;1;1;1;1;1;1;1;1;1;1;1;1;0;30;49;29;19;5;3;1;9;35;52;30;28
"289";34761;5;"4";NA;10;"0";"0";"0";1;1;1;1;1;1;1;1;1;1;1;1;1;0;1;1;1;1;1;1;1;1;1;1;0;1;1;1;1;0;1;0;1;0;1;1;1;1;1;0;1;1;1;1;1;1;1;1;1;1;1;1;1;1;1;1;1;1;1;1;1;1;1;1;0;1;1;1;1;1;1;1;1;1;0;1;1;1;1;0;0;1;0;0;1;1;1;1;1;NA;NA;NA;NA;NA;NA;NA;NA;NA;NA;NA;1;1;1;1;1;1;1;1;1;1;1;1;1;1;1;0;1;1;1;1;1;1;1;1;1;1;1;1;1;0;1;1;1;1;1;1;1;1;1;1;1;1;1;1;1;1;1;1;1;1;1;1;31;50;27;19;4;2;3;5;35;52;30;24
"290";34757;4;"4";NA;9;"0";"0";"0";1;1;1;1;1;1;1;1;1;1;1;1;1;1;1;1;1;1;1;1;1;1;1;1;1;1;1;1;1;1;1;0;1;1;1;1;0;1;1;1;1;1;1;1;1;1;1;1;0;1;1;1;1;1;1;1;0;1;1;1;1;1;1;1;0;1;1;1;1;0;1;1;1;1;1;1;1;1;1;0;1;1;1;1;1;1;1;1;1;1;1;1;1;1;1;1;1;1;1;0;1;1;1;1;1;1;1;1;1;1;1;1;1;1;1;0;1;1;1;1;1;1;1;1;1;1;1;1;1;0;1;1;1;1;1;1;1;1;1;1;1;0;1;1;1;1;1;1;1;1;1;1;30;49;30;32;5;3;0;3;35;52;30;35
"291";34770;4;"4";NA;9;"0";"0";"0";1;1;1;1;1;1;1;1;1;1;1;1;1;0;1;1;1;1;1;1;1;1;1;1;1;1;1;1;1;1;1;0;1;1;1;1;1;1;1;0;1;1;1;1;1;1;1;1;0;1;1;1;1;1;1;1;0;1;1;1;1;1;1;1;1;1;1;1;1;1;1;1;1;1;1;1;1;1;1;1;0;1;1;1;1;1;1;1;1;1;1;1;1;1;0;1;1;1;NA;NA;1;1;1;1;1;0;1;1;1;1;0;1;1;1;1;1;1;1;1;1;1;1;1;1;1;1;1;0;1;1;1;1;1;1;1;1;1;1;1;1;1;1;1;1;1;1;1;1;1;1;1;1;31;49;29;31;4;3;1;2;35;52;30;33
"292";34767;4;"4";NA;10;"0";"0";"0";1;1;1;1;1;1;1;1;1;1;1;0;1;1;1;1;1;1;1;1;1;1;1;1;1;1;1;1;1;1;1;0;0;0;0;1;0;0;1;0;0;0;0;0;1;0;0;1;1;0;0;1;1;0;0;1;1;1;1;1;1;0;NA;NA;NA;1;1;1;1;0;1;0;1;0;1;1;1;1;1;1;0;1;1;1;1;1;1;1;1;1;NA;NA;NA;NA;NA;NA;NA;NA;NA;NA;1;1;1;1;1;1;1;1;1;1;1;1;1;1;1;1;1;1;1;1;1;1;1;1;1;1;1;1;1;0;0;1;1;1;1;1;1;1;1;1;1;0;1;1;1;1;1;1;1;1;1;1;14;49;29;21;18;3;1;4;32;52;30;25
"293";34763;4;"4";NA;10;"1";"0";"0";1;1;1;1;1;1;0;1;1;1;1;1;1;0;1;1;1;1;1;1;1;0;1;1;1;1;1;1;1;1;1;0;0;0;0;1;0;0;0;0;0;0;0;0;1;0;0;0;0;0;0;0;0;0;0;0;0;0;0;0;0;0;1;0;0;1;1;1;1;1;1;1;0;1;1;1;0;1;1;0;0;1;1;1;1;1;1;1;1;1;1;1;1;1;0;1;1;1;1;1;1;1;1;1;1;1;1;1;0;1;1;1;1;1;1;1;1;1;1;1;1;1;1;1;0;1;1;1;1;1;1;1;1;1;1;1;1;1;1;1;0;1;1;1;1;1;1;1;1;1;1;1;4;49;27;30;31;3;3;5;35;52;30;35
"294";34768;4;"4";NA;9;"0";"0";"0";1;1;1;1;1;1;1;1;1;1;0;1;1;1;1;1;1;1;1;1;1;1;1;1;1;1;1;1;1;1;1;0;0;0;0;1;0;0;0;0;0;0;0;0;1;1;0;0;0;0;0;0;0;0;1;1;1;1;1;1;1;0;1;1;0;0;1;1;1;1;1;1;1;1;1;1;1;1;1;1;1;1;1;1;1;1;1;1;1;1;1;1;1;1;1;NA;NA;NA;NA;NA;1;1;1;1;1;1;1;1;1;1;1;1;1;1;1;1;1;1;1;1;1;1;1;1;1;1;1;1;1;1;1;1;1;1;1;1;1;1;1;1;1;1;1;1;1;1;1;1;1;1;1;1;13;52;29;29;22;0;1;1;35;52;30;30
"295";34750;4;"4";NA;9;"0";"0";"0";1;1;1;1;1;1;1;1;1;1;1;1;1;1;1;1;1;1;1;1;1;0;1;1;0;1;1;0;1;1;1;0;1;1;1;1;1;1;1;0;1;1;1;1;1;1;1;1;1;1;1;1;1;1;1;1;1;1;1;1;0;1;1;NA;NA;1;1;1;1;0;1;1;1;1;1;1;1;1;1;1;0;1;1;1;1;1;1;1;1;1;1;1;1;1;1;1;1;1;1;1;1;1;1;1;1;1;1;1;1;1;1;1;1;1;1;1;1;1;1;1;1;1;1;1;1;1;1;1;1;1;1;1;1;1;1;1;1;1;1;1;1;1;1;1;1;1;1;1;1;1;1;1;30;52;27;33;3;0;3;2;33;52;30;35
"296";34751;4;"4";NA;11;"0";"0";"0";1;1;1;1;1;1;1;1;1;1;1;1;1;1;1;1;1;1;0;1;1;1;1;1;0;0;1;1;1;0;1;0;0;0;0;1;0;0;1;0;0;0;1;0;1;1;0;1;1;1;1;1;1;1;0;1;1;1;1;1;1;1;1;NA;NA;1;1;1;0;0;1;1;1;0;1;1;1;0;1;0;1;0;0;1;0;1;0;1;0;0;0;0;0;1;0;1;0;0;0;0;1;1;1;1;1;1;1;1;1;1;1;1;1;1;1;1;1;0;1;1;1;1;1;1;1;1;1;0;1;0;1;1;1;1;1;1;1;1;1;1;1;1;1;1;1;0;0;1;0;1;1;1;21;46;26;16;12;6;4;19;33;52;30;35
"297";34764;4;"4";NA;10;"0";"0";"0";1;1;0;1;1;1;1;1;1;1;1;0;1;0;1;1;1;1;1;1;1;1;1;1;1;1;1;1;1;1;1;0;1;1;1;0;1;1;1;1;1;1;1;1;1;1;1;1;1;1;1;1;1;1;0;1;1;1;1;1;1;1;1;1;NA;1;1;1;1;0;1;1;1;1;1;1;1;1;1;1;0;1;0;1;0;NA;NA;NA;NA;NA;NA;NA;NA;NA;NA;NA;NA;NA;NA;NA;1;1;1;1;0;0;0;1;1;1;0;0;1;1;1;0;0;1;1;1;1;0;1;1;1;1;1;1;0;1;1;0;1;1;0;1;1;1;0;0;0;1;1;1;1;1;1;1;1;1;1;0;31;37;27;16;3;15;3;4;34;52;30;20
"298";34753;4;"4";NA;10;"0";"0";"0";1;1;1;1;1;1;1;0;1;1;1;1;1;1;1;1;1;1;1;1;1;1;1;1;1;1;1;1;1;1;1;0;0;0;0;1;0;0;0;0;0;0;0;0;1;0;0;1;1;0;0;1;0;0;0;0;0;0;1;0;0;0;0;0;0;0;0;0;0;0;1;0;0;0;NA;NA;NA;NA;NA;NA;NA;NA;NA;NA;NA;NA;NA;NA;NA;NA;NA;NA;NA;NA;NA;NA;NA;NA;NA;NA;1;1;1;1;1;1;1;1;1;1;0;1;1;1;1;0;1;0;1;NA;1;0;1;1;1;1;1;1;1;NA;1;NA;1;1;1;0;1;NA;1;1;1;1;1;1;1;1;1;1;1;1;0;0;7;41;29;1;28;7;1;8;35;48;30;9
"299";34762;4;"4";NA;9;"1";"0";"0";1;1;1;1;1;1;1;1;1;0;1;1;1;1;1;0;1;1;1;1;1;1;1;1;1;1;1;1;1;1;1;1;1;1;1;1;0;1;1;0;0;1;0;1;1;1;1;1;0;0;1;1;1;1;0;1;0;1;1;1;0;1;1;1;0;0;1;1;1;0;1;1;1;1;1;1;1;0;1;1;1;1;1;1;0;1;1;NA;NA;NA;NA;NA;NA;NA;NA;NA;NA;NA;NA;NA;1;1;1;0;1;1;1;1;1;1;1;0;1;1;1;0;1;0;1;1;1;1;1;1;1;1;1;1;1;0;1;1;1;1;1;1;1;1;1;0;1;1;1;1;1;0;1;1;1;1;1;1;25;45;28;18;10;7;2;4;35;52;30;22
"300";34754;4;"4";NA;10;"0";"0";"0";1;1;1;1;1;1;1;1;1;1;1;1;1;0;1;1;1;1;1;1;1;1;1;1;1;1;1;1;1;1;1;1;1;1;1;1;1;1;1;1;1;1;1;1;0;1;1;1;1;1;1;1;1;1;1;1;1;1;1;1;1;1;1;1;0;1;1;0;1;1;1;1;1;1;1;1;1;1;1;1;0;1;1;0;1;1;1;1;1;1;1;1;1;1;0;1;1;1;1;0;1;1;1;1;0;0;0;1;1;1;1;0;1;1;1;1;0;1;1;1;1;1;1;1;1;1;1;1;1;0;1;1;1;1;1;1;1;1;1;1;1;0;1;1;1;1;1;1;1;1;1;1;33;45;29;30;2;7;1;5;35;52;30;35
"301";34747;5;"4";NA;10;"1";"0";"0";1;1;1;1;1;1;1;1;1;1;1;1;1;1;1;1;1;1;1;1;1;1;1;1;1;1;1;0;1;1;1;1;1;1;1;1;1;1;1;0;1;1;0;1;1;1;1;1;1;1;1;1;1;1;0;1;1;1;1;1;0;1;1;1;1;1;1;0;1;1;1;1;1;0;1;1;1;1;1;1;0;1;1;0;0;1;1;1;1;1;1;1;1;1;1;0;NA;NA;NA;NA;1;1;1;0;1;1;1;1;1;1;1;1;1;1;1;1;1;1;1;1;1;1;1;1;1;1;1;1;1;0;1;1;1;1;1;1;1;1;0;1;1;1;1;1;1;1;1;1;1;1;1;0;31;48;29;25;4;4;1;6;35;52;30;31
"302";34760;4;"4";NA;9;"0";"0";"0";1;1;1;1;1;1;1;1;1;1;1;0;1;0;1;1;1;1;1;1;1;1;1;1;1;1;1;1;1;0;1;0;1;1;0;1;1;1;1;0;1;1;1;1;1;1;1;1;1;1;1;1;1;1;1;1;1;1;1;1;1;1;1;1;0;1;1;1;0;1;1;1;1;1;1;1;1;1;1;0;1;1;1;1;0;1;1;1;0;NA;NA;NA;NA;NA;NA;NA;NA;NA;NA;NA;1;1;1;1;1;1;1;1;1;1;1;1;1;1;1;1;1;1;1;1;1;1;1;0;1;1;1;1;1;0;1;1;1;1;1;1;1;1;1;1;1;0;1;1;1;1;1;1;1;1;1;1;31;49;27;20;4;3;3;4;35;52;30;24
"303";34755;4;"4";NA;9;"0";"0";"0";1;1;1;1;1;1;1;1;1;1;1;1;1;0;1;1;1;1;1;1;1;1;1;1;0;1;1;1;1;0;1;1;1;1;1;1;1;1;1;1;1;1;1;1;1;1;1;1;1;1;1;1;1;1;0;1;1;1;1;1;1;1;1;1;1;1;1;1;1;1;1;1;1;1;1;NA;NA;NA;NA;NA;NA;NA;NA;NA;NA;NA;NA;NA;NA;NA;NA;NA;NA;NA;NA;NA;NA;NA;NA;NA;1;1;NA;1;NA;0;1;1;NA;1;NA;0;NA;1;1;1;0;1;NA;NA;NA;NA;NA;NA;1;1;NA;NA;NA;1;NA;NA;NA;1;NA;NA;1;1;1;NA;0;NA;NA;1;1;NA;1;1;NA;1;1;1;34;24;27;10;1;4;3;0;35;28;30;10
"304";31233;2;"2";NA;8;"1";"0";"0";1;1;1;1;1;0;0;1;1;1;1;0;0;1;1;0;0;1;1;0;0;1;0;0;1;0;1;0;0;1;1;1;1;1;1;1;1;1;1;1;1;1;1;1;0;0;1;1;0;1;1;1;1;1;0;1;1;1;1;1;1;1;1;1;1;0;0;0;1;1;0;1;0;0;0;1;1;1;0;1;0;0;0;0;0;0;0;0;0;0;0;0;0;0;0;1;0;0;0;0;1;0;1;1;1;0;0;1;1;1;1;0;0;1;1;1;1;1;0;1;0;1;0;1;1;1;0;1;0;1;1;0;1;1;0;1;1;0;0;0;1;1;0;1;1;1;1;1;0;0;1;0;31;33;17;8;4;19;13;27;35;52;30;35
"305";31232;2;"2";NA;8;"1";"0";"0";1;0;1;1;1;0;1;0;1;1;1;0;1;0;1;1;1;1;1;1;0;0;1;1;1;1;0;0;0;1;1;1;1;1;1;1;1;1;1;1;1;1;0;1;1;0;1;1;1;1;1;1;1;1;0;1;1;1;1;1;1;1;1;1;1;0;1;0;0;0;0;1;0;0;0;1;0;0;0;0;0;0;0;1;0;0;0;0;0;0;0;0;0;1;0;1;1;0;0;0;1;0;0;0;1;1;0;1;0;1;1;1;1;1;1;1;1;1;1;0;1;1;0;1;0;1;1;0;1;0;1;1;1;0;0;1;1;0;1;0;0;1;0;0;1;1;1;1;0;0;1;0;32;32;20;7;3;20;10;28;35;52;30;35
"306";31230;2;"2";NA;8;"0";"0";"0";1;1;1;1;0;1;1;1;1;1;1;0;1;1;1;1;1;1;1;1;1;1;1;1;0;1;1;1;1;0;1;1;1;1;1;0;1;1;1;1;1;1;0;0;1;0;1;1;0;1;1;1;1;1;0;1;0;0;1;1;1;0;1;1;0;1;1;0;1;0;1;0;1;0;1;0;0;0;1;1;0;0;1;0;0;1;1;1;NA;NA;NA;NA;NA;NA;NA;NA;NA;NA;NA;NA;1;1;1;1;0;1;1;1;0;1;1;0;1;1;1;0;0;0;1;1;1;1;1;1;0;1;1;1;1;0;1;1;1;1;1;0;1;1;1;1;0;0;1;1;1;1;1;1;0;1;1;1;25;40;26;12;10;12;4;11;35;52;30;23
"307";31235;2;"2";NA;7;"1";"0";"0";1;0;1;1;1;0;1;1;1;1;1;0;1;0;1;0;0;1;0;1;1;1;0;1;1;1;1;1;1;0;1;1;1;1;1;1;1;1;1;1;1;1;0;1;0;0;1;1;1;1;1;1;1;1;0;1;1;1;1;1;1;0;1;0;1;1;0;0;0;0;0;1;1;0;1;1;0;0;0;0;0;1;0;0;0;0;1;0;0;0;0;1;0;1;NA;NA;NA;NA;NA;NA;1;1;1;1;1;1;1;1;1;1;1;1;1;1;1;1;1;0;0;1;1;0;1;1;1;1;1;0;0;1;1;1;1;1;1;1;1;1;0;1;1;0;1;1;1;0;1;1;1;1;1;1;29;44;21;9;6;8;9;20;35;52;30;29
"308";31237;2;"2";NA;8;"0";"0";"0";0;0;0;1;1;0;0;0;1;1;1;0;1;1;1;1;0;1;1;0;0;1;1;0;0;1;1;1;1;0;1;1;1;1;0;1;1;1;1;1;0;1;0;1;1;0;1;1;0;1;0;1;1;1;0;1;1;0;0;1;1;0;0;1;1;0;1;0;0;1;0;0;0;0;0;0;0;0;0;0;1;0;1;1;0;1;1;0;0;1;0;0;0;1;0;1;0;0;0;0;1;0;0;1;1;1;0;0;1;1;1;1;0;1;1;0;0;0;1;0;1;0;0;1;1;0;1;1;0;0;1;0;1;0;1;1;1;1;1;1;0;0;1;1;0;0;1;1;1;1;0;1;24;31;17;10;11;21;13;25;35;52;30;35
"309";31239;2;"2";NA;7;"1";"0";"0";1;1;1;1;1;1;0;1;1;1;1;1;1;1;1;1;0;1;1;1;1;1;1;1;1;1;1;1;1;0;1;1;1;1;1;1;1;1;1;1;1;1;1;1;1;0;1;1;1;1;1;1;1;1;0;1;1;1;1;1;1;1;1;1;0;1;1;0;0;1;1;1;1;1;1;1;1;0;1;1;1;NA;NA;NA;NA;NA;NA;NA;NA;NA;NA;NA;NA;NA;NA;NA;NA;NA;NA;NA;1;1;1;1;1;1;1;1;1;1;1;1;1;1;1;1;1;1;1;1;1;1;1;1;1;1;1;1;1;0;1;1;1;1;1;1;1;1;1;1;1;0;0;1;0;1;1;1;1;1;1;1;32;48;27;13;3;4;3;3;35;52;30;16
"310";31234;2;"2";NA;7;"0";"0";"0";1;1;1;1;1;1;1;1;1;1;1;1;1;1;1;1;1;1;1;1;1;1;1;1;1;1;1;1;1;1;1;1;1;1;1;0;1;1;1;0;1;1;1;1;1;1;1;1;0;1;1;1;1;1;1;1;1;1;1;1;1;1;1;0;1;0;0;1;0;0;1;1;1;0;0;1;1;1;0;0;0;1;NA;NA;NA;NA;NA;NA;NA;NA;NA;NA;NA;NA;NA;NA;NA;NA;NA;NA;1;1;1;1;1;0;1;1;1;1;0;0;1;1;1;1;0;0;1;1;1;1;0;1;1;1;1;1;1;0;1;1;1;1;0;1;1;1;1;1;0;0;1;1;1;1;1;1;1;1;1;1;31;42;30;8;4;10;0;9;35;52;30;17
"311";31228;2;"2";NA;8;"0";"0";"0";1;1;1;1;0;1;1;1;1;1;1;1;1;0;1;1;1;1;1;1;1;1;1;1;1;1;1;1;0;1;1;1;1;0;1;1;1;1;1;1;1;1;1;1;1;1;1;1;1;1;1;1;1;1;1;1;0;1;1;1;1;1;1;1;1;1;1;0;1;0;1;1;1;0;1;1;1;1;1;0;1;1;1;1;1;1;NA;NA;NA;NA;NA;NA;NA;NA;NA;NA;NA;NA;NA;NA;1;1;1;1;1;1;1;1;1;1;1;1;1;1;1;1;1;1;1;1;1;1;1;1;1;1;1;1;0;0;1;1;1;1;1;1;1;1;1;1;1;0;1;1;1;1;1;0;1;1;1;1;33;48;27;17;2;4;3;4;35;52;30;21
"312";31236;2;"2";NA;7;"0";"0";"0";1;1;1;1;1;1;0;0;1;1;1;1;1;1;1;1;1;1;1;1;1;0;1;1;1;0;1;1;1;1;1;1;1;1;1;1;1;1;1;0;1;1;1;1;1;1;1;1;1;1;1;1;1;1;1;1;1;1;1;1;1;1;1;1;1;1;1;1;1;0;1;1;1;0;1;1;1;0;NA;NA;NA;NA;NA;NA;NA;NA;NA;NA;NA;NA;NA;NA;NA;NA;NA;NA;NA;NA;NA;NA;NA;1;NA;NA;NA;1;1;0;0;1;1;NA;NA;1;NA;1;1;0;1;NA;1;NA;NA;NA;0;0;1;NA;1;0;1;1;NA;1;1;NA;NA;1;NA;NA;NA;1;NA;0;1;1;NA;NA;0;0;1;1;34;22;26;10;1;9;4;3;35;31;30;13
"313";31231;2;"2";NA;7;"1";"0";"0";1;1;1;1;0;1;1;1;1;1;1;1;1;1;1;0;0;1;1;1;1;1;1;0;1;1;1;1;1;0;1;1;1;1;1;1;1;1;1;1;1;1;1;1;1;0;1;1;1;1;1;1;1;1;0;1;1;1;1;1;1;1;1;1;1;1;1;1;1;0;1;1;1;1;1;1;1;0;NA;NA;NA;NA;NA;NA;NA;NA;NA;NA;NA;NA;NA;NA;NA;NA;NA;NA;NA;NA;NA;NA;1;0;1;1;0;1;1;1;0;1;1;0;NA;1;NA;NA;1;NA;1;1;1;1;1;1;0;1;NA;0;1;1;1;1;NA;1;NA;0;1;NA;0;NA;1;1;0;0;NA;0;1;1;1;NA;0;NA;33;28;25;11;2;12;5;2;35;40;30;13
"314";31238;2;"2";NA;8;"1";"0";"0";0;1;1;1;1;1;0;1;1;1;1;0;1;0;1;1;1;1;1;1;1;1;1;1;1;1;1;1;1;1;0;0;1;1;1;1;1;1;1;0;1;1;0;1;1;1;1;1;1;0;1;1;0;0;1;1;1;1;1;1;1;1;1;0;1;0;1;0;0;1;1;1;0;1;1;1;NA;NA;NA;NA;NA;NA;NA;NA;NA;NA;NA;NA;NA;NA;NA;NA;NA;NA;NA;NA;NA;NA;NA;NA;1;1;1;1;1;1;1;1;1;1;1;1;1;1;1;1;1;1;1;1;1;1;1;1;0;1;1;1;1;0;1;1;1;1;1;1;1;1;1;1;0;0;1;1;0;1;1;1;1;1;1;0;27;46;26;7;8;6;4;4;35;52;30;11
"315";31240;2;"2";NA;8;"1";"1";"0";0;1;0;0;0;1;0;0;1;0;0;0;0;0;0;0;0;0;0;0;0;0;0;0;1;0;0;0;0;0;0;0;0;1;0;0;0;0;1;1;0;0;1;NA;NA;NA;NA;NA;NA;NA;NA;NA;NA;NA;NA;NA;NA;NA;NA;NA;NA;NA;NA;NA;NA;0;1;0;0;0;0;0;0;0;1;0;0;0;0;0;0;0;0;0;0;0;1;1;0;0;1;0;0;0;0;0;0;1;0;0;1;NA;NA;1;NA;NA;NA;0;NA;0;1;NA;NA;NA;1;NA;0;NA;NA;1;NA;0;0;NA;NA;NA;NA;NA;1;NA;NA;0;1;1;0;NA;NA;NA;1;NA;NA;NA;NA;NA;NA;NA;NA;1;NA;NA;1;NA;4;11;4;6;9;7;26;29;13;18;30;35
"316";31229;2;"2";NA;8;"1";"0";"0";1;1;1;1;1;1;0;0;1;0;1;1;1;1;1;1;0;1;1;1;1;1;0;1;1;1;1;1;1;0;1;1;1;1;1;1;1;1;1;1;1;1;0;1;1;0;1;1;1;1;1;1;1;1;1;1;1;1;1;1;1;1;1;1;0;1;1;0;1;0;1;1;1;1;1;1;0;NA;NA;NA;NA;NA;NA;NA;NA;NA;NA;NA;NA;NA;NA;NA;NA;NA;NA;NA;NA;NA;NA;NA;NA;NA;1;1;1;NA;NA;1;NA;1;1;1;1;1;NA;0;NA;1;1;1;NA;1;1;1;1;1;1;NA;NA;0;1;1;1;1;1;1;NA;1;1;1;1;1;NA;1;1;1;1;1;0;1;NA;0;32;35;24;9;3;4;6;3;35;39;30;12
"317";31265;2;"2";NA;7;"0";"0";"0";1;1;1;1;1;1;1;1;1;1;1;0;1;0;1;1;1;1;1;1;1;1;1;1;1;1;1;1;1;1;1;0;1;1;1;1;1;1;1;1;1;1;1;1;1;1;1;1;0;0;1;1;1;1;0;1;1;1;1;1;1;1;1;1;1;0;1;1;0;0;1;0;1;1;1;1;0;0;1;1;0;0;0;1;0;0;0;0;1;1;NA;NA;NA;NA;NA;NA;NA;NA;NA;NA;1;1;1;1;1;1;1;1;1;1;1;0;1;1;1;0;1;1;1;1;1;1;1;1;1;1;1;1;1;0;1;1;1;1;1;1;1;1;1;1;0;1;1;1;1;1;1;1;1;1;1;1;31;48;28;12;4;4;2;13;35;52;30;25
"318";31263;2;"2";NA;7;"0";"0";"0";1;1;1;1;1;1;1;1;1;1;1;1;1;1;1;1;1;1;1;1;1;1;1;1;1;1;1;1;1;1;1;1;1;1;1;1;1;1;1;1;1;1;1;1;1;1;1;1;1;1;1;1;1;1;0;1;1;1;1;1;1;1;NA;NA;NA;1;1;1;1;0;1;1;1;1;1;1;1;1;1;1;0;1;1;0;1;NA;NA;NA;NA;NA;NA;NA;NA;NA;NA;NA;NA;NA;NA;NA;1;1;1;1;1;1;1;1;1;1;1;1;1;1;1;1;1;1;0;1;0;1;1;1;1;1;1;1;1;0;1;1;1;0;1;1;1;1;1;0;1;1;0;1;1;1;1;1;1;1;1;1;31;46;30;17;1;6;0;3;32;52;30;20
"319";31264;2;"2";NA;7;"0";"0";"0";1;1;1;1;1;1;1;1;1;1;1;1;1;1;1;1;1;1;1;1;1;1;1;1;1;1;1;1;1;1;1;1;1;1;1;1;1;1;1;1;1;1;1;1;1;1;1;1;0;1;1;1;1;1;0;1;1;1;1;1;1;1;1;1;1;1;1;1;1;0;1;1;1;1;0;1;1;1;1;1;NA;NA;NA;NA;NA;NA;NA;NA;NA;NA;NA;NA;NA;NA;NA;NA;NA;NA;NA;NA;1;1;1;1;1;1;1;1;1;1;1;1;1;1;1;1;1;1;1;1;1;1;1;1;1;1;1;1;1;0;1;1;1;1;1;1;1;1;1;1;1;1;0;1;1;1;1;1;1;1;1;1;33;50;30;13;2;2;0;2;35;52;30;15
"320";31295;3;"3";NA;9;NA;"0";"0";1;1;1;1;1;1;1;1;1;1;1;1;1;0;1;1;1;1;1;1;1;1;1;1;0;1;1;1;1;1;1;0;1;1;1;1;1;1;1;1;1;1;1;1;1;0;1;1;1;0;1;1;1;1;1;0;1;1;1;1;1;1;1;0;1;1;1;1;0;0;1;1;0;0;1;1;1;1;1;1;1;1;1;0;0;1;1;0;0;1;1;1;1;0;0;1;0;0;NA;NA;1;0;1;0;1;1;1;1;1;1;1;1;1;1;1;1;1;1;1;1;1;0;1;1;1;1;1;1;1;1;1;1;1;1;0;0;1;1;1;1;1;1;1;1;1;1;1;1;1;1;1;1;30;47;28;21;5;5;2;12;35;52;30;33
"321";31290;3;"3";NA;9;NA;"0";"0";1;1;1;1;1;1;1;1;1;1;1;1;1;1;1;0;1;1;1;1;1;1;1;1;1;1;1;1;1;0;1;0;1;1;1;1;1;1;1;0;0;1;1;1;1;1;1;1;0;1;1;1;1;1;0;1;1;1;1;1;0;1;1;1;1;1;1;1;1;1;1;1;1;1;1;0;1;0;1;1;1;1;1;1;0;NA;NA;NA;NA;NA;NA;NA;NA;NA;NA;NA;NA;NA;NA;NA;1;1;1;1;1;1;1;1;1;1;1;1;1;1;1;0;1;1;1;1;1;1;1;1;1;1;1;1;1;0;1;1;1;1;1;1;1;1;1;1;1;1;0;1;1;1;1;1;1;1;1;0;29;48;28;17;6;4;2;3;35;52;30;20
"322";31294;3;"3";NA;8;NA;"0";"0";1;1;1;1;1;1;1;1;1;1;1;1;1;1;1;1;1;1;1;1;1;1;1;1;1;1;1;1;1;1;1;1;1;1;1;1;1;1;1;1;1;1;1;1;1;1;1;1;1;0;1;1;1;1;1;1;1;1;1;1;1;1;1;1;1;1;1;1;1;0;1;1;1;1;1;1;1;0;1;1;1;1;1;1;1;1;1;1;1;1;1;1;1;1;0;NA;NA;NA;NA;NA;1;1;1;1;1;1;1;1;1;1;1;1;1;1;1;1;1;1;1;1;1;1;1;1;1;1;1;1;1;0;1;1;1;1;1;1;1;1;1;0;1;1;1;1;1;0;1;1;1;1;1;1;34;49;30;27;1;3;0;3;35;52;30;30
"323";31296;3;"3";NA;8;NA;"0";"0";1;1;1;1;1;1;1;1;1;1;1;1;1;1;1;1;1;1;1;1;1;1;1;1;1;1;1;1;1;1;1;0;1;1;1;1;1;1;1;1;1;1;1;0;1;1;1;1;0;1;1;1;1;1;0;1;1;1;1;1;1;1;1;0;0;1;1;1;1;1;1;0;1;1;1;1;1;1;1;1;1;1;1;0;1;1;1;0;1;1;1;NA;NA;NA;NA;NA;NA;NA;NA;NA;1;1;1;1;1;1;1;1;1;1;1;1;1;1;1;1;1;1;1;1;1;1;1;1;1;1;1;1;1;1;1;1;1;1;1;1;1;1;1;1;1;1;1;1;1;1;1;1;1;1;1;1;29;52;30;23;6;0;0;3;35;52;30;26
"324";31293;3;"3";NA;8;NA;"0";"0";1;1;1;1;1;1;1;1;1;1;1;1;1;0;1;1;1;1;1;1;1;1;1;1;1;1;1;1;1;1;1;0;1;1;1;1;1;1;1;1;1;1;1;1;1;1;1;1;0;1;1;1;0;1;1;1;1;1;1;1;1;1;1;1;1;1;1;1;1;0;1;1;1;0;1;1;1;0;0;1;0;1;1;0;0;1;1;NA;NA;NA;NA;NA;NA;NA;NA;NA;NA;NA;NA;NA;1;1;1;1;0;1;1;1;1;1;1;1;1;1;1;1;1;1;1;1;1;1;1;1;1;1;1;0;1;0;1;1;1;1;1;1;1;1;1;1;1;1;1;1;1;1;1;1;1;1;1;1;32;49;29;15;3;3;1;7;35;52;30;22
"325";31299;3;"3";NA;8;NA;"0";"0";1;1;1;1;1;1;1;1;1;1;1;1;1;1;1;1;1;1;1;1;1;1;1;1;1;1;1;1;1;0;1;0;1;1;1;1;1;1;1;1;1;1;0;1;1;0;1;1;1;0;0;0;0;0;0;1;1;1;1;1;0;0;1;0;1;0;1;0;1;0;1;1;0;0;0;1;0;1;1;1;1;1;0;0;1;0;1;0;0;0;0;1;1;0;1;0;1;0;0;0;1;1;1;0;1;1;1;1;1;1;1;1;1;1;1;1;1;0;0;1;1;1;1;1;1;1;1;1;1;0;1;1;1;1;1;1;1;1;1;1;1;0;1;1;1;1;1;1;1;1;1;0;23;46;29;16;12;6;1;19;35;52;30;35
"326";31289;3;"3";NA;8;NA;"0";"0";1;1;1;1;1;1;1;1;1;1;1;1;1;0;1;1;1;1;1;1;1;1;1;1;1;1;1;1;1;0;1;1;1;1;1;1;1;1;1;1;1;1;1;1;1;1;0;1;0;1;1;1;1;1;1;1;1;1;1;1;1;1;1;1;1;1;1;1;1;0;1;1;1;1;1;1;1;1;1;1;1;1;1;0;0;1;1;1;1;1;1;1;1;1;0;NA;NA;NA;NA;NA;1;1;1;1;1;1;1;1;1;1;1;1;1;1;1;1;1;1;1;1;1;1;1;1;1;1;1;1;1;1;1;1;1;1;1;1;1;1;1;1;1;1;1;1;1;1;1;1;1;1;1;1;33;52;28;26;2;0;2;4;35;52;30;30
"327";31300;3;"3";NA;8;NA;"0";"0";1;1;1;1;1;1;1;1;1;1;1;1;1;0;1;1;1;1;1;1;1;0;1;1;1;1;1;1;1;1;1;0;0;1;0;1;0;1;0;0;0;0;0;1;1;0;0;0;1;0;0;0;0;0;0;1;1;0;0;0;0;0;0;0;1;1;1;1;1;0;1;1;1;1;1;1;1;1;1;1;0;1;1;1;1;1;1;1;0;1;1;1;NA;NA;NA;NA;NA;NA;NA;NA;1;1;1;0;1;1;1;1;0;1;1;1;1;1;1;1;1;1;1;1;1;1;1;1;1;1;1;1;1;0;1;1;1;1;1;1;1;1;0;0;0;1;1;1;1;1;1;1;1;1;1;1;10;46;28;24;25;6;2;3;35;52;30;27
"328";31298;3;"3";NA;9;NA;"0";"0";0;1;0;1;0;1;1;0;1;1;0;1;1;1;0;0;0;1;1;0;0;0;1;1;0;1;0;0;0;0;1;0;1;0;0;0;1;0;1;1;1;1;1;1;1;1;1;1;0;1;1;1;0;1;0;1;1;1;1;1;1;1;1;0;1;0;0;0;0;0;0;1;0;0;1;1;0;0;0;0;0;0;1;0;0;1;0;0;0;0;0;1;0;0;1;0;1;0;0;0;1;1;1;1;0;0;0;1;1;1;1;0;0;1;1;0;0;1;1;1;1;0;0;1;1;1;1;0;0;0;1;0;1;0;0;0;1;1;0;1;0;0;0;1;0;0;1;1;0;1;1;0;26;28;14;8;9;24;16;27;35;52;30;35
"329";31297;3;"3";NA;8;NA;"0";"0";1;1;1;1;1;1;0;0;1;1;1;1;1;1;1;1;1;1;1;1;0;1;1;1;1;1;1;1;1;1;1;1;1;1;1;0;1;1;1;1;1;1;1;1;0;1;1;1;0;1;1;1;0;1;1;0;0;1;1;1;1;1;1;1;0;1;1;1;1;0;1;1;1;0;1;1;NA;NA;NA;NA;NA;NA;NA;NA;NA;NA;NA;NA;NA;NA;NA;NA;NA;NA;NA;NA;NA;NA;NA;NA;1;1;1;1;1;1;1;1;1;1;1;0;1;1;1;1;0;1;1;1;1;1;1;0;1;1;1;1;1;0;1;1;1;1;1;1;1;1;1;1;1;1;1;1;1;1;1;1;1;1;1;1;28;48;27;9;7;4;3;2;35;52;30;11
"330";31305;3;"3";NA;9;NA;"0";"0";1;1;1;1;1;1;1;1;1;1;1;1;1;0;1;1;1;1;1;1;1;1;1;1;1;1;1;1;1;1;1;1;1;1;0;1;1;1;1;0;1;1;1;1;1;1;1;1;0;1;1;1;1;1;1;1;1;1;1;1;0;1;1;1;0;1;1;1;1;1;1;1;1;1;1;1;1;1;1;1;0;1;1;1;1;NA;NA;NA;NA;NA;NA;NA;NA;NA;NA;NA;NA;NA;NA;NA;1;1;1;1;1;1;1;1;1;1;1;1;1;1;1;1;1;1;1;1;1;1;1;1;1;1;1;1;1;0;1;1;1;1;1;1;1;1;1;1;1;1;1;1;1;1;1;1;1;1;1;1;30;51;29;19;5;1;1;1;35;52;30;20
"331";31306;3;"3";NA;9;NA;"0";"0";1;1;1;1;1;1;0;1;1;1;1;0;1;1;1;1;0;1;1;0;1;1;1;0;0;1;1;1;0;0;1;1;1;1;0;1;1;1;1;1;1;1;0;1;1;0;1;1;1;1;1;1;1;1;0;1;1;1;1;1;1;0;1;1;NA;0;1;0;1;0;1;1;1;0;0;1;0;1;0;1;0;1;0;0;0;1;1;1;0;1;NA;NA;NA;NA;NA;NA;NA;NA;NA;NA;1;1;1;0;1;1;1;1;0;1;1;1;1;0;1;1;1;1;0;0;1;0;0;1;0;1;1;0;0;1;1;1;1;0;0;1;1;0;1;0;0;1;1;1;0;0;1;1;1;1;0;1;29;34;22;13;5;18;8;12;34;52;30;25
"332";31301;3;"3";NA;9;NA;"0";"0";1;1;1;1;1;1;1;0;1;0;1;1;1;0;1;1;1;1;1;1;1;0;1;1;1;1;1;1;1;1;0;0;0;0;1;1;1;1;1;1;1;1;0;1;1;1;1;1;1;1;1;1;0;1;0;1;1;1;1;1;1;1;1;1;0;0;0;1;1;0;0;1;0;0;1;1;0;0;1;0;1;1;1;0;0;1;0;0;0;0;0;1;0;NA;NA;NA;NA;NA;NA;NA;1;0;1;1;1;1;1;1;1;1;1;1;1;1;1;1;1;1;1;1;0;1;1;1;1;1;1;1;1;0;1;1;1;1;0;1;1;1;1;1;1;1;1;1;1;1;1;1;1;1;0;1;27;47;26;11;8;5;4;17;35;52;30;28
"333";31302;3;"3";NA;NA;NA;"0";"0";0;1;1;1;0;1;0;1;1;1;1;1;1;1;1;1;1;1;1;1;1;0;1;1;1;1;0;1;1;0;1;1;1;0;1;1;0;1;1;1;1;1;1;1;1;1;1;1;1;1;1;1;0;1;0;0;1;1;1;1;1;1;1;1;0;1;1;0;0;0;1;1;0;0;0;1;0;0;0;0;0;0;0;0;0;0;0;0;0;0;1;0;1;1;1;0;0;0;0;0;1;1;1;1;1;1;1;1;1;1;1;1;1;0;1;1;1;1;0;1;1;1;1;1;1;1;1;0;0;1;1;1;1;1;1;1;1;1;1;0;1;1;0;1;1;1;1;1;1;1;1;0;29;45;24;9;6;7;6;26;35;52;30;35
"334";31304;3;"3";NA;8;NA;"0";"0";1;1;1;1;1;0;1;0;1;1;1;1;1;1;1;1;1;1;1;1;1;1;1;1;1;1;1;1;1;1;1;0;0;0;1;1;1;1;1;1;1;1;0;1;1;0;1;1;1;0;1;NA;NA;NA;NA;NA;NA;NA;NA;NA;NA;NA;NA;NA;NA;0;1;0;1;1;1;1;1;0;0;1;1;0;1;NA;NA;NA;NA;NA;NA;NA;NA;NA;NA;NA;NA;NA;NA;NA;NA;NA;NA;NA;NA;NA;1;1;1;1;1;1;1;1;1;1;0;1;1;1;1;1;1;1;1;1;1;0;1;1;1;1;1;1;1;0;1;1;1;1;1;1;1;1;1;1;0;1;1;1;1;1;1;1;1;1;1;1;15;48;28;9;6;4;2;5;21;52;30;14
"335";32748;3;"3";NA;8;NA;"0";"0";1;1;1;1;1;1;1;1;1;1;1;1;1;1;1;1;1;1;1;1;1;1;1;1;1;1;1;1;1;1;1;0;0;0;0;1;1;0;1;0;1;1;1;0;1;0;1;1;0;0;1;1;1;1;0;0;0;1;1;1;1;1;1;1;1;1;1;1;1;1;1;1;1;0;1;1;1;0;1;1;1;1;1;1;0;1;1;1;0;1;1;1;1;0;0;1;1;NA;NA;NA;1;1;1;1;1;1;1;1;1;1;1;1;1;1;1;1;1;1;1;1;1;1;1;1;1;1;1;1;1;1;1;1;1;1;1;1;1;1;1;0;1;1;0;1;1;1;1;1;1;1;1;1;22;50;30;26;13;2;0;6;35;52;30;32
"336";32753;3;"4";NA;9;NA;"0";"0";1;1;1;0;1;1;1;1;1;1;1;1;1;0;1;1;1;1;1;1;1;1;1;1;1;1;1;1;1;1;1;0;1;1;1;1;1;1;1;1;1;1;1;1;1;0;1;1;0;1;1;1;1;1;0;1;1;1;1;1;0;0;1;1;1;1;1;1;1;0;1;1;1;1;0;1;1;0;1;1;1;1;NA;NA;NA;NA;NA;NA;NA;NA;NA;NA;NA;NA;NA;NA;NA;NA;NA;NA;1;1;1;0;1;1;0;1;1;1;1;1;1;1;1;1;1;1;1;1;1;1;1;1;1;1;1;1;1;1;1;1;1;1;1;1;1;1;1;1;1;1;0;1;1;1;1;0;1;1;1;1;29;48;28;14;6;4;2;3;35;52;30;17
"337";32749;3;"3";NA;9;NA;"0";"0";1;1;1;1;1;1;1;1;1;1;1;1;1;0;1;1;1;1;1;1;1;1;1;1;0;1;1;1;1;1;1;1;1;1;1;1;1;1;1;1;1;1;1;0;1;1;1;1;1;1;1;1;1;1;1;1;1;1;1;1;1;1;1;1;1;1;1;1;1;0;1;1;1;1;1;1;1;1;1;1;1;1;1;1;0;1;1;1;1;1;1;1;1;NA;NA;NA;NA;NA;NA;NA;1;1;1;1;1;1;1;1;1;1;1;1;1;1;1;1;1;1;1;1;1;1;1;1;1;1;1;1;1;1;1;1;1;1;1;1;1;1;1;0;1;1;1;1;1;1;1;1;1;1;1;1;34;51;28;26;1;1;2;2;35;52;30;28
"338";32750;3;"3";NA;8;NA;"0";"0";1;1;1;1;1;1;1;1;1;1;1;1;1;1;1;1;1;1;1;1;1;1;1;1;1;1;1;1;1;1;1;1;1;1;1;1;1;1;1;1;1;1;1;1;1;1;1;1;1;1;1;1;1;1;1;1;0;1;1;1;1;1;1;1;1;0;1;1;1;0;1;1;1;1;1;1;1;1;0;1;0;1;1;1;1;1;1;1;1;1;1;1;1;1;NA;NA;NA;NA;NA;NA;1;1;1;1;1;1;1;1;0;1;1;1;1;1;1;1;1;1;1;1;1;1;1;1;1;1;1;1;1;1;1;1;1;1;1;1;1;1;1;1;1;1;1;1;1;1;1;1;1;1;1;1;34;51;30;25;1;1;0;4;35;52;30;29
"339";32752;3;"4";NA;10;NA;"0";"0";1;1;1;1;1;0;0;0;0;1;0;0;1;1;0;0;0;0;1;1;1;0;1;0;0;1;0;1;1;1;1;0;1;0;1;0;1;1;1;1;1;1;1;1;1;1;1;1;0;0;0;1;1;1;1;0;1;1;1;1;0;1;1;1;0;0;0;0;0;0;0;0;0;0;1;0;0;0;0;0;0;0;0;0;1;0;0;1;0;1;1;0;0;0;0;0;0;1;0;1;1;1;1;1;1;1;1;1;1;1;1;1;1;1;1;NA;1;1;1;1;1;1;1;1;1;1;1;1;1;1;1;1;0;1;1;1;1;1;1;1;1;1;0;1;1;1;1;1;NA;1;1;1;26;48;16;7;9;2;14;28;35;50;30;35
"340";32751;3;"3";NA;8;NA;"0";"0";0;0;1;1;1;0;1;0;1;1;1;1;1;0;1;1;0;1;1;1;0;1;1;0;0;0;0;1;1;1;1;1;1;0;1;1;1;1;1;1;1;1;1;0;1;1;1;1;0;1;1;1;0;1;0;NA;NA;NA;NA;NA;NA;NA;NA;NA;NA;0;1;0;1;0;1;0;0;0;1;1;1;0;NA;NA;NA;NA;NA;NA;NA;NA;NA;NA;NA;NA;NA;NA;NA;NA;NA;NA;NA;NA;NA;NA;NA;1;1;1;1;1;NA;1;1;1;NA;1;1;1;0;NA;1;0;1;1;1;1;NA;1;1;1;1;1;NA;NA;NA;NA;NA;1;1;1;NA;NA;1;1;NA;1;NA;1;0;1;1;NA;0;NA;1;1;20;32;19;6;5;4;11;7;25;36;30;13
"341";29970;3;"3";NA;10;"1";"1";"0";1;1;1;1;1;1;1;1;1;1;1;1;1;0;1;1;1;1;1;1;1;1;1;1;1;1;1;1;1;1;1;1;1;1;0;1;1;1;1;1;1;1;0;1;1;0;1;1;1;1;1;1;1;1;0;1;1;1;0;1;1;1;1;1;0;0;1;1;1;0;1;1;0;1;1;1;1;1;1;1;1;1;1;1;1;1;1;0;0;1;0;1;1;1;0;1;1;1;0;1;1;1;1;1;0;1;1;1;1;1;1;1;1;1;1;1;1;1;1;1;1;1;1;1;0;1;1;0;1;1;1;1;1;1;1;1;1;1;0;1;1;0;1;1;1;1;1;1;1;1;1;1;29;47;29;27;6;5;1;8;35;52;30;35
"342";29934;4;"3";NA;10;"1";"1";"0";1;1;1;1;1;1;0;1;1;1;1;1;1;0;1;1;1;1;1;1;1;1;1;0;1;0;1;1;1;1;1;1;1;1;1;1;1;1;1;1;0;1;0;1;1;0;1;1;0;1;1;1;1;1;0;1;0;1;1;1;1;0;1;1;1;1;1;1;0;0;1;1;1;1;1;0;1;0;1;1;0;1;1;0;NA;NA;NA;NA;NA;NA;NA;NA;NA;NA;NA;NA;NA;NA;NA;NA;1;1;1;1;0;0;0;1;1;1;0;0;1;1;1;1;0;0;1;1;1;1;0;0;1;1;1;0;1;0;1;0;1;1;0;0;1;1;0;1;0;1;1;1;0;0;1;1;1;1;1;0;28;33;26;13;7;19;4;6;35;52;30;19
"343";29957;3;"3";NA;8;"0";"1";"0";1;1;1;0;1;1;1;0;1;1;1;1;1;0;1;0;0;1;1;0;1;1;1;0;0;0;1;1;0;0;1;1;1;0;0;0;1;0;1;1;1;1;0;0;0;0;1;1;0;0;1;1;1;1;0;0;0;1;1;1;0;0;1;0;0;1;1;0;0;0;1;0;1;0;0;0;0;1;1;0;0;1;0;0;0;0;0;0;0;0;1;0;0;0;0;0;0;1;1;0;1;1;1;1;1;1;1;1;1;1;1;1;1;1;1;1;1;1;1;1;1;1;1;1;1;1;1;1;1;0;1;1;1;1;1;1;1;1;1;1;1;1;1;1;1;1;1;1;1;1;1;1;18;51;19;10;17;1;11;25;35;52;30;35
"344";29942;4;"3";NA;10;"1";"1";"0";1;1;1;1;1;1;1;1;1;1;1;1;1;0;1;1;1;1;1;1;1;1;1;1;1;1;1;1;1;1;1;0;1;0;0;1;1;0;1;1;1;1;0;1;0;1;1;1;0;0;1;1;1;1;0;1;1;1;1;1;1;1;1;1;1;1;1;1;1;0;1;1;1;0;1;1;1;0;1;1;0;1;1;1;1;1;1;0;1;1;0;1;1;1;0;1;1;1;NA;NA;1;1;1;0;1;1;1;1;1;1;1;1;1;1;1;1;1;1;1;1;1;1;1;1;1;1;1;1;1;1;1;1;1;1;1;1;1;1;1;1;1;1;1;1;1;1;1;1;1;1;1;1;26;51;29;26;9;1;1;7;35;52;30;33
"345";29933;4;"3";NA;10;"1";"1";"0";1;1;1;0;1;1;1;1;1;1;1;0;1;0;1;1;1;1;1;1;1;1;1;1;1;1;1;1;1;0;1;1;1;1;1;1;1;1;1;1;1;1;0;1;1;0;1;1;0;0;1;1;1;1;0;1;0;1;1;1;1;0;1;1;0;1;1;0;1;1;1;1;1;0;1;1;1;0;0;0;0;1;NA;NA;NA;NA;NA;NA;NA;NA;NA;NA;NA;NA;NA;NA;NA;NA;NA;NA;1;1;1;1;1;1;0;1;1;1;1;0;1;1;1;1;1;1;0;1;1;1;1;1;0;1;1;1;1;0;1;1;1;0;1;1;1;1;1;1;1;1;1;1;1;1;1;1;1;1;1;0;27;45;26;11;8;7;4;6;35;52;30;17
"346";29965;3;"3";NA;9;"1";"1";"0";1;1;1;1;1;0;0;0;0;0;1;1;1;0;1;0;0;1;0;1;1;1;1;0;0;0;0;1;1;0;1;0;1;1;0;1;1;0;1;0;0;1;0;0;0;0;1;1;0;0;1;1;1;1;1;1;0;1;1;1;0;0;1;1;0;0;0;0;0;0;0;0;1;0;0;1;0;0;1;1;1;1;0;0;0;0;0;1;0;0;1;1;1;0;1;0;1;0;1;1;1;1;1;1;0;0;0;1;1;1;0;0;1;1;1;0;0;0;1;1;1;0;0;1;1;1;1;0;0;0;1;0;1;1;0;0;1;1;0;0;0;0;1;1;0;0;1;1;1;1;0;0;20;28;16;14;15;24;14;21;35;52;30;35
"347";29951;4;"4";NA;10;"1";"1";"0";1;0;0;1;1;1;1;1;1;1;1;1;1;1;1;1;0;1;1;1;0;0;1;1;0;1;1;1;1;1;0;0;1;1;0;1;0;0;0;0;1;0;0;0;0;0;1;0;0;0;0;0;1;0;0;0;1;1;0;1;0;0;0;0;0;0;0;0;0;0;1;0;0;0;0;0;0;1;0;0;0;0;0;0;0;0;0;0;0;0;0;0;0;1;0;0;0;0;0;1;1;1;0;1;0;1;0;1;1;1;0;1;0;1;0;0;1;0;1;1;1;0;1;1;1;1;1;0;0;1;1;1;0;0;1;1;0;1;1;0;1;1;1;0;0;0;0;0;1;0;1;0;9;30;24;4;26;22;6;31;35;52;30;35
"348";29964;4;"4";NA;10;"0";"1";"0";1;1;1;1;1;1;1;0;0;1;1;1;1;1;1;1;1;1;1;1;1;0;1;1;0;0;1;1;1;0;1;1;1;0;1;0;1;1;1;1;1;1;0;1;1;0;1;1;1;1;1;1;1;1;0;1;1;1;1;1;1;0;1;1;1;1;1;1;1;0;1;1;0;0;1;0;NA;NA;NA;NA;NA;NA;NA;NA;NA;NA;NA;NA;NA;NA;NA;NA;NA;NA;NA;NA;NA;NA;NA;NA;1;1;1;1;1;1;1;1;1;1;0;1;1;1;1;0;1;1;1;1;1;1;1;1;0;1;1;1;0;1;1;1;1;0;0;0;1;1;1;1;1;1;0;1;1;1;1;1;1;1;1;1;29;44;24;7;6;8;6;4;35;52;30;11
"349";29935;4;"4";NA;11;"1";"1";"0";1;1;1;1;1;1;1;1;1;1;1;1;1;1;1;1;1;1;1;1;1;1;1;1;1;1;1;1;1;1;1;1;1;1;1;1;1;1;1;1;1;1;0;1;1;0;1;1;0;1;1;1;1;1;0;1;0;1;1;1;1;0;1;1;1;0;1;0;1;1;1;1;0;0;1;1;1;1;1;1;1;1;1;1;1;1;1;1;1;1;1;1;1;1;1;1;1;1;1;0;1;1;1;1;1;1;1;1;1;1;1;1;1;1;1;1;1;1;1;1;1;1;1;1;1;1;1;1;1;1;1;1;1;1;1;1;1;1;1;1;1;1;1;1;1;1;1;1;1;1;1;1;29;52;30;30;6;0;0;5;35;52;30;35
"350";29968;4;"4";NA;11;"0";"1";"0";1;1;1;1;1;1;1;1;1;1;1;1;1;0;1;1;1;1;1;1;1;1;1;1;1;1;1;1;1;1;0;1;1;1;1;1;1;1;1;1;1;1;0;0;0;1;1;1;0;1;0;1;1;1;0;1;0;1;1;1;1;1;1;1;1;1;1;1;1;0;0;1;1;1;1;1;1;1;1;1;0;0;1;0;0;1;1;0;0;0;1;1;1;0;0;1;1;0;0;0;1;0;1;0;1;0;0;1;1;1;1;1;1;1;1;1;1;0;1;1;1;1;1;1;1;1;1;1;1;1;1;1;1;1;1;1;1;1;0;1;0;1;1;1;1;1;1;1;1;1;1;1;27;45;29;21;8;7;1;14;35;52;30;35
"351";29966;4;"4";NA;10;"0";"1";"0";1;1;1;1;1;1;1;1;1;1;1;1;1;0;1;1;1;1;1;1;1;1;1;1;0;1;1;1;1;1;1;0;1;1;0;1;1;1;1;0;1;1;0;1;1;0;1;1;1;1;1;1;1;1;0;1;1;1;1;1;0;0;1;0;1;1;0;1;1;0;1;1;0;0;1;0;1;1;1;1;0;1;1;1;0;1;1;0;1;1;1;1;NA;NA;NA;NA;NA;NA;NA;NA;1;1;1;1;0;1;1;1;1;1;1;1;1;1;1;1;1;1;1;1;1;1;1;1;1;1;1;1;1;0;1;1;1;1;1;1;1;1;1;1;1;0;1;1;1;0;1;1;1;1;1;0;26;47;28;19;9;5;2;8;35;52;30;27
"352";29958;4;"4";NA;10;"1";"1";"0";1;1;1;1;0;1;1;1;1;1;1;0;1;0;1;1;1;1;1;1;1;1;1;1;0;1;1;1;1;1;1;1;1;1;1;1;1;0;1;0;1;1;1;1;0;1;1;0;0;0;1;1;1;1;1;0;0;1;0;1;1;1;1;1;0;0;0;1;0;0;1;1;0;0;0;0;1;1;1;0;0;0;1;0;0;1;1;0;0;0;1;1;1;1;0;0;0;0;0;1;1;1;1;1;1;1;1;1;1;1;1;1;1;1;1;1;1;1;1;1;1;1;1;1;1;1;1;1;0;0;1;1;1;1;1;1;1;1;1;1;1;1;1;1;1;1;1;1;1;1;1;0;25;49;26;14;10;3;4;21;35;52;30;35
"353";29960;4;"4";NA;10;"0";"1";"0";1;1;1;1;1;1;1;1;1;1;1;1;1;1;1;1;1;1;1;1;1;1;1;1;1;1;1;1;1;1;1;1;1;1;1;1;1;1;1;1;1;1;0;1;1;0;1;1;0;0;1;1;1;1;0;1;0;1;1;1;1;1;1;1;1;1;1;1;1;1;1;1;1;1;1;1;1;1;1;1;1;1;1;1;1;1;1;1;1;1;1;1;1;1;1;1;1;1;1;1;1;0;1;1;1;1;1;1;1;1;1;1;1;1;1;1;0;1;1;1;1;1;1;1;1;1;1;1;1;1;1;1;1;1;1;1;1;1;1;1;1;0;1;1;1;1;1;1;1;1;1;1;29;49;30;35;6;3;0;0;35;52;30;35
"354";29937;5;"4";NA;10;"1";"1";"0";1;1;1;1;0;1;0;1;1;1;1;0;1;1;1;1;0;1;1;1;1;1;1;1;1;1;1;1;1;1;1;0;1;1;1;1;1;1;1;0;0;1;0;0;1;0;1;1;0;0;1;1;1;1;0;1;1;1;1;1;0;0;1;1;1;0;0;1;1;0;0;0;0;1;0;0;0;0;0;1;0;1;1;0;0;0;1;0;0;0;0;0;0;1;1;1;1;0;1;1;1;0;1;1;0;1;0;1;1;1;0;0;1;1;1;0;0;0;1;1;1;1;0;1;1;1;1;0;0;0;1;1;1;0;1;1;1;1;0;0;1;1;1;1;1;0;1;1;1;1;1;0;24;35;26;13;11;17;4;22;35;52;30;35
"355";29962;5;"4";NA;11;"1";"1";"0";1;1;1;1;1;1;1;1;1;1;1;1;1;0;1;1;1;1;1;1;1;1;1;1;1;1;1;1;1;0;1;1;1;0;1;1;1;1;1;1;1;1;0;1;1;0;1;1;1;1;1;1;1;1;0;1;0;1;1;1;1;1;1;1;1;1;0;0;0;0;1;1;0;1;0;1;1;0;1;1;0;1;1;1;1;1;1;0;NA;NA;NA;NA;NA;NA;NA;NA;NA;NA;NA;NA;1;1;1;1;1;1;1;1;1;1;1;1;1;1;1;1;1;1;1;1;1;1;1;1;1;1;1;1;1;0;1;1;1;1;0;1;1;1;1;1;0;1;0;1;1;1;1;1;1;1;1;1;30;48;28;14;5;4;2;9;35;52;30;23
"356";29953;5;"4";NA;11;"0";"1";"0";1;1;1;1;1;1;1;1;1;1;1;1;1;1;1;1;1;1;1;1;1;1;1;1;1;1;1;1;1;0;1;1;1;1;1;1;1;1;1;1;1;1;0;0;1;0;1;1;1;1;1;1;1;1;0;1;1;1;1;1;1;0;1;1;1;1;1;0;1;1;1;1;1;1;0;1;1;1;0;1;0;1;1;0;0;1;1;1;1;1;1;1;NA;NA;NA;NA;NA;NA;NA;NA;1;1;1;1;1;1;1;1;1;1;1;1;1;1;1;1;1;1;1;1;1;0;1;1;1;1;1;1;1;0;1;1;1;1;1;0;1;1;1;1;1;1;1;0;1;1;1;1;1;1;1;1;30;48;29;21;5;4;1;6;35;52;30;27
"357";29959;5;"4";NA;11;"0";"1";"0";1;1;1;1;1;1;1;0;1;1;1;1;1;0;1;1;1;1;1;1;1;1;1;1;1;1;1;1;1;0;1;1;1;1;1;1;1;1;1;1;1;1;1;1;1;1;1;1;0;1;1;1;1;1;1;1;1;1;1;1;1;1;1;1;1;1;0;1;1;0;1;1;1;0;1;1;NA;NA;NA;NA;NA;NA;NA;NA;NA;NA;NA;NA;NA;NA;NA;NA;NA;NA;NA;NA;NA;NA;NA;NA;1;1;1;1;1;1;1;1;1;1;1;0;1;1;1;1;1;1;1;1;1;1;1;1;1;1;1;0;1;0;1;1;1;1;1;1;1;1;1;1;1;1;1;1;1;1;1;1;1;1;1;0;34;48;27;8;1;4;3;3;35;52;30;11
"358";32491;3;"3";1;12;"0";"2";"0";1;1;1;0;1;1;1;1;1;1;1;1;1;0;1;1;1;1;1;1;1;1;1;1;0;1;1;1;1;0;1;0;0;0;1;0;0;1;1;1;0;0;0;0;0;NA;NA;NA;NA;NA;NA;NA;NA;NA;NA;NA;NA;NA;NA;NA;NA;NA;NA;NA;NA;0;1;0;0;1;1;1;0;0;0;1;0;0;NA;NA;NA;NA;NA;NA;NA;NA;NA;NA;NA;NA;NA;NA;NA;NA;NA;NA;NA;NA;NA;NA;1;0;NA;0;0;0;0;1;NA;1;1;0;NA;1;1;NA;NA;1;1;NA;1;NA;1;NA;1;NA;NA;NA;1;1;1;NA;NA;0;1;NA;1;NA;0;0;0;0;1;1;0;0;1;1;1;1;0;NA;5;22;26;5;10;14;4;8;15;36;30;13
"359";33000;9;"MS7";1;14;"0";"2";"0";1;1;1;1;1;1;1;0;1;1;1;1;1;0;1;1;1;1;1;1;1;1;1;1;1;1;1;1;1;0;1;1;1;0;1;1;1;1;1;0;1;NA;NA;NA;NA;NA;NA;NA;NA;NA;NA;NA;NA;NA;NA;NA;NA;NA;NA;NA;NA;NA;NA;NA;NA;1;0;0;1;0;1;1;1;0;1;1;0;1;1;1;0;1;1;0;1;NA;NA;NA;NA;NA;NA;NA;NA;NA;NA;NA;NA;NA;NA;NA;NA;1;NA;1;1;1;1;1;1;1;1;1;1;1;NA;1;NA;1;1;1;1;0;1;1;1;1;1;1;NA;1;1;NA;1;1;1;1;1;1;1;1;1;0;NA;0;NA;1;1;NA;1;1;1;1;9;40;27;13;2;3;3;7;11;43;30;20
"360";33001;8;"MS7";1;NA;"0";"2";"0";1;1;1;1;1;1;1;1;1;1;1;1;1;0;1;1;1;1;1;1;1;1;1;1;1;1;1;1;1;1;1;1;1;1;1;1;1;1;1;1;1;1;1;1;1;1;1;1;1;1;1;1;1;1;1;1;1;1;1;1;1;1;1;1;1;1;1;1;1;1;1;1;1;1;1;1;1;1;1;0;0;1;1;1;1;1;1;1;1;1;NA;NA;NA;NA;NA;NA;NA;NA;NA;NA;1;1;1;0;1;1;1;1;1;1;1;1;1;1;1;1;1;1;1;1;1;1;1;1;1;1;1;1;1;0;1;1;1;1;1;1;1;1;1;1;1;1;0;1;1;1;1;1;1;1;1;1;35;49;29;23;0;3;1;2;35;52;30;25
"361";33003;NA;"MS2";NA;12;"1";"2";"0";1;0;0;1;1;0;1;1;0;1;1;1;1;0;1;0;0;0;0;1;1;0;0;0;0;0;1;0;1;1;0;0;0;0;1;0;0;0;0;1;1;0;0;0;0;0;0;0;0;1;0;0;0;0;0;0;0;0;0;0;1;0;0;1;0;0;0;0;0;1;0;0;0;0;0;0;0;0;1;0;1;0;0;0;0;0;0;0;0;0;0;0;0;0;0;0;1;0;0;0;1;0;0;1;0;1;1;1;1;1;0;1;1;0;0;0;0;0;1;1;1;0;1;0;1;1;1;0;0;0;1;0;0;0;0;0;0;1;1;0;0;0;1;1;1;0;0;1;0;0;0;0;6;23;15;4;29;29;15;31;35;52;30;35
"362";33005;8;"MS7";1;13;"0";"2";"0";1;1;1;0;1;1;1;0;1;1;1;1;1;1;1;1;1;1;1;1;1;1;1;1;1;1;1;1;1;0;1;1;1;1;1;1;1;1;1;1;1;1;1;1;1;1;1;1;0;1;1;1;1;1;1;0;1;1;1;1;1;1;1;1;1;1;1;0;0;1;1;1;1;0;1;1;0;0;1;1;0;1;1;0;1;NA;NA;NA;NA;NA;NA;NA;NA;NA;NA;NA;NA;NA;NA;NA;1;1;1;0;1;1;1;1;1;1;1;1;1;1;1;1;1;0;1;1;1;1;1;0;1;1;1;1;1;0;1;1;1;1;1;1;1;1;1;1;1;0;0;0;1;1;1;1;1;1;1;1;33;45;27;13;2;7;3;7;35;52;30;20
"363";33002;NA;"MS2";NA;12;"1";"2";"0";1;1;1;0;0;1;1;0;1;1;0;1;0;1;0;0;0;1;0;1;1;0;0;1;0;1;0;0;0;1;1;1;1;0;1;0;1;1;1;1;1;1;0;0;1;0;1;1;1;0;0;1;1;1;0;1;1;1;NA;NA;NA;NA;NA;NA;NA;1;1;1;1;1;0;0;1;0;0;0;0;0;0;0;0;0;0;1;0;0;1;1;0;0;0;0;0;0;1;0;0;0;0;0;NA;0;NA;NA;NA;NA;NA;NA;NA;1;NA;0;NA;NA;1;1;NA;NA;NA;NA;NA;NA;0;1;1;NA;NA;NA;0;NA;1;1;1;0;NA;NA;NA;1;NA;NA;NA;NA;NA;NA;1;NA;1;1;NA;NA;NA;NA;20;12;15;10;8;5;15;25;28;17;30;35
"364";33012;9;"MS6";1;NA;NA;"2";"0";1;1;1;1;1;1;1;1;1;1;1;1;1;1;1;1;1;1;1;1;1;1;1;1;1;1;1;1;1;1;1;1;1;1;1;1;1;1;1;1;1;1;1;1;1;1;1;1;0;1;1;1;1;1;1;1;1;1;1;1;1;NA;NA;NA;NA;1;1;1;1;0;1;1;1;1;1;1;1;1;1;1;0;1;1;1;0;1;1;1;1;1;1;1;0;1;0;1;1;1;1;NA;1;1;1;1;1;NA;NA;1;1;1;1;1;1;1;NA;1;1;1;1;1;NA;1;1;0;1;1;1;1;1;0;1;1;1;1;1;1;NA;NA;1;1;1;1;1;1;1;NA;1;1;1;1;1;1;30;43;30;29;1;2;0;5;31;45;30;34
"365";33013;9;"MS6";2;NA;NA;"2";"0";1;1;1;1;1;1;1;1;0;1;1;1;1;0;1;1;1;0;1;1;1;1;1;1;1;1;1;1;1;0;1;0;1;1;0;1;1;NA;NA;NA;NA;NA;NA;NA;NA;NA;NA;NA;NA;NA;NA;NA;NA;NA;NA;NA;NA;NA;NA;NA;NA;NA;NA;NA;NA;0;0;0;1;0;1;1;0;0;0;0;1;0;0;0;0;1;0;0;0;0;0;1;0;0;0;1;0;0;0;1;1;0;0;1;1;0;NA;1;0;0;NA;1;NA;1;0;0;NA;1;1;0;0;0;1;NA;NA;0;NA;NA;1;NA;1;NA;0;0;1;NA;1;1;0;NA;1;1;NA;0;0;NA;1;NA;0;NA;1;1;NA;1;0;NA;5;18;26;10;2;16;4;25;7;34;30;35
"366";33010;9;"MS6";2;NA;NA;"2";"0";1;1;0;1;0;1;1;1;0;0;1;1;1;0;1;0;0;0;1;0;1;0;1;0;0;0;0;1;0;0;1;1;1;1;0;1;1;NA;NA;NA;NA;NA;NA;NA;NA;NA;NA;NA;NA;NA;NA;NA;NA;NA;NA;NA;NA;NA;NA;NA;NA;NA;NA;NA;NA;0;1;0;1;0;1;0;0;0;0;0;0;0;1;0;0;0;0;0;0;0;0;1;0;1;0;0;0;1;0;0;1;0;0;0;NA;NA;NA;0;NA;1;NA;NA;1;NA;0;NA;1;0;0;NA;NA;NA;0;NA;NA;0;NA;0;0;1;NA;1;NA;NA;1;1;NA;1;NA;1;NA;1;1;1;1;0;0;1;1;1;0;1;NA;NA;1;0;6;18;14;8;1;12;16;27;7;30;30;35
"367";33009;9;"MS6";2;NA;NA;"2";"0";1;1;1;1;0;1;0;1;0;0;1;1;1;0;1;0;1;0;1;0;1;0;1;0;0;0;1;1;1;0;1;1;1;0;0;1;1;1;1;0;0;1;0;0;0;0;NA;NA;NA;NA;NA;NA;NA;NA;NA;NA;NA;NA;NA;NA;NA;NA;NA;NA;NA;0;0;0;0;0;1;0;0;0;0;0;0;0;1;1;1;1;0;0;0;1;0;0;1;0;0;1;0;1;0;0;0;0;0;0;1;0;NA;0;0;NA;NA;NA;0;NA;0;0;NA;0;1;NA;NA;1;1;NA;0;NA;1;0;NA;NA;0;NA;NA;NA;NA;NA;NA;1;0;1;NA;NA;NA;NA;0;NA;NA;0;0;1;0;NA;1;NA;NA;NA;8;9;17;9;8;15;13;26;16;24;30;35
"368";33106;4;"4";1;10;NA;"2";"0";1;1;1;0;0;0;0;1;0;0;0;0;0;0;0;0;1;1;0;0;0;1;0;0;1;0;0;0;0;0;0;0;1;0;1;0;1;0;0;1;0;1;0;0;1;0;1;1;1;1;0;1;1;1;0;1;1;1;1;1;1;1;1;1;1;0;0;0;0;0;0;1;0;0;1;1;0;0;0;0;0;0;0;0;0;0;0;1;0;0;0;0;0;0;0;0;0;1;1;1;NA;NA;0;NA;NA;NA;1;NA;1;1;NA;NA;NA;1;0;0;NA;NA;0;NA;1;NA;1;1;NA;1;NA;NA;1;0;NA;NA;NA;0;0;NA;NA;NA;0;0;NA;1;0;1;1;NA;1;0;NA;NA;NA;1;23;14;8;7;12;11;22;28;35;25;30;35
"369";33107;3;"3";2;9;NA;"2";"0";0;1;1;0;0;0;1;1;0;1;0;0;1;0;0;1;0;1;1;0;0;1;1;0;1;1;0;1;0;0;1;0;1;1;1;1;1;1;1;0;1;1;1;1;0;0;1;1;1;1;1;1;1;1;0;NA;NA;NA;NA;NA;NA;NA;NA;NA;NA;0;1;0;0;0;0;0;0;0;1;1;0;0;0;0;0;1;NA;NA;NA;NA;NA;NA;NA;NA;NA;NA;NA;NA;NA;NA;NA;NA;NA;NA;NA;1;NA;1;NA;1;NA;1;1;NA;1;NA;NA;1;NA;1;NA;NA;1;NA;1;NA;NA;1;0;1;0;NA;0;1;NA;1;1;1;NA;NA;NA;NA;1;1;1;NA;0;1;0;NA;NA;1;NA;1;1;NA;20;23;14;4;5;5;16;13;25;28;30;17
"370";33108;3;"4";1;9;NA;"2";"0";1;0;0;1;0;0;0;0;0;1;0;1;1;0;1;1;1;1;1;1;1;0;1;1;1;0;0;1;1;0;1;1;1;1;1;1;1;1;1;1;1;1;1;1;1;1;1;1;1;1;1;1;1;1;1;NA;NA;NA;NA;NA;NA;NA;NA;NA;NA;0;1;0;1;0;1;1;1;1;0;1;NA;NA;NA;NA;NA;NA;NA;NA;NA;NA;NA;NA;NA;NA;NA;NA;NA;NA;NA;NA;NA;NA;NA;NA;1;1;1;0;1;1;1;1;1;1;1;1;1;1;1;1;0;1;1;1;1;0;1;1;1;1;1;0;0;1;1;1;1;1;1;1;1;1;1;0;0;0;1;1;1;1;1;1;1;1;1;1;25;44;17;7;0;8;13;4;25;52;30;11
"371";33126;4;"4";2;10;NA;"2";"0";0;0;1;1;0;0;1;0;0;0;1;0;0;0;1;0;0;1;0;1;0;0;0;0;1;0;0;1;0;0;1;0;1;0;1;1;1;0;1;0;0;1;0;0;1;0;1;1;0;1;1;1;1;1;0;1;1;NA;NA;NA;NA;NA;NA;NA;NA;0;0;1;0;0;0;0;0;0;0;1;1;0;NA;NA;NA;NA;NA;NA;NA;NA;NA;NA;NA;NA;NA;NA;NA;NA;NA;NA;NA;NA;NA;NA;0;NA;0;0;1;1;NA;NA;1;0;NA;1;NA;1;0;1;NA;0;0;1;NA;1;1;1;0;1;1;1;NA;NA;1;1;1;0;1;1;NA;1;NA;0;1;NA;0;NA;1;1;NA;NA;0;NA;1;1;17;24;9;3;10;12;21;10;27;36;30;13
"372";33127;4;"4";1;10;NA;"2";"0";1;1;1;0;1;1;0;0;1;1;1;1;1;0;1;1;0;1;1;1;0;1;1;1;1;1;1;1;1;0;1;1;1;1;0;1;1;1;1;1;1;1;1;1;1;0;1;1;1;1;1;1;1;NA;NA;NA;NA;NA;NA;NA;NA;NA;NA;NA;NA;0;1;1;1;1;1;1;NA;NA;NA;NA;NA;NA;NA;NA;NA;NA;NA;NA;NA;NA;NA;NA;NA;NA;NA;NA;NA;NA;NA;NA;NA;NA;NA;NA;NA;1;1;1;NA;1;1;NA;NA;1;NA;1;NA;NA;1;1;NA;1;1;NA;NA;1;NA;1;NA;1;1;NA;NA;1;NA;NA;NA;1;NA;1;NA;1;NA;NA;1;1;1;NA;NA;1;1;1;NA;1;NA;NA;21;26;23;6;2;0;7;1;23;26;30;7
"373";33129;4;"4";0;10;NA;"2";"0";1;1;1;1;1;0;0;0;1;0;1;1;1;0;1;1;0;1;1;1;1;0;1;1;1;1;1;1;1;1;1;1;1;1;1;1;1;1;1;1;1;1;1;1;1;0;1;1;0;1;1;1;1;1;0;1;1;1;1;1;1;1;1;1;1;0;1;1;1;0;0;NA;NA;NA;NA;NA;NA;NA;NA;NA;NA;NA;NA;NA;NA;NA;NA;NA;NA;NA;NA;NA;NA;NA;NA;NA;NA;NA;NA;NA;1;NA;1;1;1;1;NA;1;NA;1;1;1;1;1;1;1;NA;NA;1;1;NA;0;1;1;1;1;NA;1;1;0;NA;1;1;1;NA;1;1;1;1;1;1;0;NA;1;1;NA;1;1;NA;NA;1;NA;32;35;23;3;3;3;7;3;35;38;30;6
"374";33128;4;"4";1;9;NA;"2";"0";1;1;1;0;0;0;0;1;1;0;0;1;1;1;0;0;0;1;1;1;1;1;1;0;0;0;0;1;1;1;1;1;1;1;0;1;1;0;1;1;1;1;1;0;1;0;1;1;1;NA;NA;NA;NA;NA;NA;NA;NA;NA;NA;NA;NA;NA;NA;NA;NA;0;0;0;1;0;0;1;0;1;0;1;0;0;0;0;1;0;0;0;0;0;0;1;0;0;1;1;1;0;0;NA;NA;NA;NA;NA;NA;NA;NA;1;NA;NA;NA;NA;NA;1;NA;NA;1;NA;NA;NA;1;0;NA;NA;1;NA;NA;NA;0;NA;1;1;1;NA;NA;0;NA;NA;1;1;NA;1;1;NA;NA;NA;NA;1;NA;NA;NA;NA;NA;1;NA;0;15;14;17;9;4;4;13;21;19;18;30;30
"375";33529;5;"MS1";0;10;NA;"2";"0";1;1;1;1;1;1;1;1;1;1;1;1;1;0;1;1;1;1;1;1;1;1;1;1;1;1;1;1;1;1;1;1;1;1;1;1;1;1;1;1;0;1;1;1;0;1;1;1;1;1;1;1;1;1;1;0;0;0;1;1;1;1;1;1;1;1;1;1;1;0;1;1;1;0;1;1;1;1;0;1;0;1;0;0;0;1;NA;NA;NA;NA;NA;NA;NA;NA;NA;NA;NA;NA;NA;NA;NA;1;1;1;1;1;1;1;NA;1;1;1;1;1;1;1;1;1;1;1;1;0;1;0;1;1;1;1;0;0;1;1;1;1;1;1;1;1;NA;1;1;1;1;1;1;1;1;1;1;1;1;0;30;44;29;14;5;5;1;7;35;49;30;21
"376";33530;5;"MS1";1;11;NA;"2";"0";1;1;1;1;1;1;1;1;1;1;1;1;1;1;1;1;1;1;1;1;1;1;1;1;1;1;1;1;1;1;1;0;1;0;0;1;1;1;1;1;1;1;0;0;1;0;1;1;0;1;1;1;1;1;0;0;1;1;1;1;1;0;1;1;1;1;0;0;1;0;1;1;1;1;1;1;1;1;1;0;0;1;0;0;NA;NA;NA;NA;NA;NA;NA;NA;NA;NA;NA;NA;NA;NA;NA;NA;1;1;1;1;1;1;1;1;1;1;1;1;1;1;1;1;1;1;1;1;1;1;1;1;1;1;1;1;1;1;1;1;1;1;1;1;1;1;1;1;1;1;1;1;1;1;1;1;1;1;1;1;25;52;30;12;10;0;0;7;35;52;30;19
"377";33533;6;"MS1";0;13;NA;"2";"0";1;1;1;1;1;1;1;1;1;1;1;1;1;0;1;1;1;0;1;1;1;1;1;0;0;1;0;1;1;1;1;1;1;1;1;1;1;1;1;1;1;1;1;1;0;0;1;1;1;1;1;1;1;1;1;1;1;1;1;1;1;1;1;1;1;0;0;0;0;1;0;0;1;NA;NA;NA;NA;NA;NA;NA;NA;NA;NA;NA;NA;NA;NA;NA;NA;NA;NA;NA;NA;NA;NA;NA;NA;NA;NA;NA;NA;NA;NA;1;0;1;1;1;NA;1;1;1;1;0;1;1;1;0;1;1;1;NA;1;1;0;1;1;NA;1;1;1;NA;1;1;NA;1;NA;NA;1;1;NA;1;NA;1;NA;0;1;1;0;NA;1;NA;33;31;25;2;2;6;5;6;35;37;30;8
"378";33531;5;"MS1";1;11;NA;"2";"0";1;1;1;1;1;1;1;1;1;1;1;1;1;0;1;1;1;1;1;1;1;1;1;1;1;1;1;1;1;1;1;0;1;1;0;1;1;1;0;0;0;0;0;1;0;0;0;1;0;0;1;1;1;1;1;0;0;1;1;1;1;0;0;1;0;1;1;0;0;0;1;1;0;0;1;1;1;1;1;1;0;1;0;0;0;1;0;0;0;0;1;1;0;NA;NA;NA;NA;NA;NA;NA;1;1;1;1;1;0;1;0;0;1;1;1;1;1;1;1;1;1;1;1;1;1;1;1;1;1;1;1;1;1;1;1;0;0;1;1;1;1;1;1;1;1;1;1;1;1;1;1;1;1;1;1;18;47;29;14;17;5;1;14;35;52;30;28
"379";33532;5;"MS1";1;11;NA;"2";"0";1;1;0;0;0;1;1;1;1;1;1;1;1;1;1;0;0;1;1;1;0;1;1;1;0;1;1;1;1;1;1;1;1;0;1;1;1;0;1;1;1;1;1;0;1;0;1;1;0;1;0;1;1;1;1;1;0;1;1;1;0;1;0;1;0;1;0;0;0;0;0;1;0;1;0;1;0;1;1;0;0;0;0;0;0;1;1;0;0;0;0;0;0;1;0;0;0;1;1;0;NA;NA;1;1;NA;0;NA;1;1;1;0;0;1;1;1;0;NA;NA;1;1;1;0;0;0;1;NA;1;0;0;0;1;1;1;1;0;0;NA;1;0;0;0;0;1;NA;0;0;NA;NA;1;1;0;NA;25;21;23;11;10;19;7;24;35;40;30;35
"380";33537;9;"MS8";1;15;NA;"2";"0";1;1;1;1;1;1;1;1;1;1;1;1;1;1;1;1;1;1;1;1;1;1;1;1;1;1;1;1;1;1;1;1;1;1;1;1;1;1;1;1;1;1;1;1;1;1;1;1;1;1;1;1;1;1;1;1;1;1;1;1;1;1;1;1;1;1;1;1;1;0;1;1;1;1;1;1;1;0;1;1;0;1;1;1;1;1;1;0;1;1;1;1;1;1;1;1;1;1;1;1;1;1;1;1;1;1;1;1;1;1;1;1;1;1;1;1;1;1;1;1;1;1;1;1;1;1;1;1;1;0;1;1;1;1;1;1;1;1;1;1;1;1;1;1;1;1;1;1;1;1;1;1;35;51;30;31;0;1;0;4;35;52;30;35
"381";33538;8;"MS8";1;15;NA;"2";"0";1;1;1;1;1;1;1;1;0;1;1;1;1;1;1;1;1;1;1;1;1;1;1;0;1;1;1;1;1;0;1;1;1;1;0;1;1;1;1;0;0;1;1;1;1;0;1;1;1;0;1;1;1;1;1;0;0;1;1;1;0;1;1;0;1;1;1;1;1;0;1;1;1;1;0;1;1;1;1;1;0;1;1;1;1;1;0;1;1;1;1;NA;NA;NA;NA;NA;NA;NA;NA;NA;1;0;1;1;1;0;0;1;1;1;0;0;1;1;1;1;1;1;1;1;1;1;1;1;1;1;1;1;1;0;1;1;1;1;1;1;1;1;1;0;0;0;1;1;0;1;1;1;1;1;1;0;26;41;27;22;9;11;3;4;35;52;30;26
"382";33746;NA;"MS5";NA;NA;NA;"2";"0";0;0;0;0;0;0;0;0;1;1;0;1;0;0;0;1;0;1;0;0;1;1;1;0;0;0;1;0;0;0;1;0;1;0;0;0;1;0;1;0;0;1;0;0;0;0;1;1;0;0;1;1;1;1;0;0;0;1;1;1;0;0;1;0;0;0;0;0;0;1;0;1;0;0;0;0;0;0;1;0;0;0;0;0;1;0;0;0;0;0;0;0;1;0;1;1;0;0;0;0;1;0;1;1;0;1;0;1;1;1;0;0;1;1;1;0;0;0;1;1;1;0;0;0;1;1;1;0;0;0;1;1;1;1;0;0;1;1;0;0;0;0;1;1;0;0;1;1;1;1;0;0;15;28;9;7;20;24;21;28;35;52;30;35
"383";33748;8;"MS5";1;15;NA;"2";"0";1;1;1;1;1;1;1;1;1;1;1;1;1;1;1;1;1;1;1;1;1;1;1;1;1;1;1;1;1;0;1;1;1;0;0;1;0;1;1;1;0;1;1;0;0;1;1;1;1;1;1;1;0;1;1;1;1;1;0;1;1;1;1;1;1;1;1;1;1;0;1;1;1;1;1;1;1;1;1;1;0;1;1;0;1;1;1;1;1;1;1;1;1;NA;NA;NA;NA;NA;NA;NA;0;1;1;1;1;1;1;1;1;1;1;1;1;1;1;1;1;1;1;1;1;1;1;1;1;1;1;1;1;1;0;1;1;1;1;1;1;1;1;1;1;1;1;1;1;1;1;1;1;1;1;1;27;50;29;25;8;2;1;3;35;52;30;28
"384";33743;7;"MS5";NA;13;NA;"2";"0";1;1;1;1;1;1;1;1;1;1;1;1;1;1;1;1;1;1;1;1;1;1;1;1;1;1;1;1;1;1;1;1;1;1;1;1;1;1;1;0;1;1;1;1;1;0;1;1;1;1;1;1;1;1;1;1;1;1;1;1;1;1;1;0;1;0;1;1;1;0;1;1;0;0;0;1;1;1;1;1;0;1;0;0;1;1;1;0;0;1;1;1;1;1;1;1;NA;NA;NA;NA;1;1;1;1;1;1;0;1;0;1;0;0;1;1;1;1;1;0;1;1;1;0;1;1;1;1;1;0;1;1;1;0;1;1;0;1;1;1;0;0;1;0;0;1;0;1;1;1;1;1;1;1;32;38;30;21;3;14;0;10;35;52;30;31
"385";33745;7;"MS5";NA;13;NA;"2";"0";1;1;1;1;1;1;1;1;1;1;1;1;1;1;1;1;1;1;1;1;1;1;1;1;1;1;1;1;1;1;1;1;1;1;1;1;1;1;1;1;1;1;0;0;1;0;1;1;1;0;1;1;1;1;0;1;1;1;1;1;1;0;1;1;1;0;1;1;1;0;1;1;1;0;1;1;1;1;1;1;0;1;1;1;1;1;1;0;1;1;1;1;1;1;NA;NA;NA;NA;NA;NA;1;1;1;1;1;1;1;1;1;1;1;1;1;1;1;1;1;1;1;1;1;1;1;1;1;1;1;1;1;1;1;1;1;1;1;1;1;1;1;1;1;1;0;1;1;1;1;1;1;1;1;1;29;51;30;24;6;1;0;5;35;52;30;29
"386";33744;8;"MS5";NA;14;NA;"2";"0";0;0;0;0;0;0;0;1;0;1;0;0;1;0;1;0;0;1;0;0;1;1;1;1;1;0;0;0;0;0;1;0;1;0;1;1;1;1;1;1;1;1;1;1;1;0;1;1;0;1;0;1;1;1;1;0;1;NA;NA;NA;NA;NA;NA;NA;NA;0;0;0;1;1;0;0;0;0;1;1;0;0;0;1;0;1;0;1;1;1;0;1;0;0;0;1;1;0;1;1;0;0;1;NA;NA;NA;1;1;1;1;1;1;NA;1;NA;NA;1;NA;NA;NA;NA;1;NA;1;NA;0;NA;NA;1;1;0;0;NA;NA;1;1;NA;1;NA;NA;NA;0;NA;NA;NA;1;NA;NA;NA;NA;NA;NA;NA;NA;0;NA;21;16;10;15;6;5;20;19;27;21;30;34
"387";33742;7;"MS5";2;13;NA;"2";"0";1;0;1;1;1;1;1;0;1;1;1;1;1;0;1;1;0;1;1;1;1;0;1;1;0;1;1;1;1;1;1;0;1;1;1;0;0;1;1;1;0;0;0;0;NA;NA;NA;NA;NA;NA;NA;NA;NA;NA;NA;NA;NA;NA;NA;NA;NA;NA;NA;NA;NA;0;1;1;1;0;1;0;0;1;1;0;1;0;0;0;0;1;0;1;0;1;0;0;NA;NA;NA;NA;NA;NA;NA;NA;NA;NA;NA;NA;1;1;1;1;1;1;NA;1;1;1;NA;NA;1;1;1;1;NA;1;1;1;NA;NA;1;NA;1;1;NA;NA;NA;1;1;1;NA;1;NA;1;1;NA;1;1;1;1;NA;NA;1;1;NA;NA;1;NA;1;1;7;34;24;10;7;0;6;13;14;34;30;23
"388";33756;7;"MS3";1;13;NA;"2";"0";1;1;1;1;1;1;1;1;1;1;1;1;1;1;1;1;0;1;1;1;1;1;1;1;1;1;1;1;1;1;1;0;1;0;1;1;1;1;1;1;1;1;1;1;1;1;1;1;0;1;1;1;0;1;1;1;0;1;1;1;1;1;1;1;1;1;1;1;1;0;1;0;1;1;1;1;1;1;1;1;0;1;1;1;1;1;1;1;1;1;1;0;0;0;NA;NA;NA;NA;NA;NA;1;1;1;0;1;1;1;1;1;1;1;1;1;1;1;0;1;1;1;1;1;0;1;1;1;1;1;0;0;0;1;1;1;1;1;1;1;1;1;0;0;0;1;1;0;1;1;1;1;1;1;0;30;41;29;23;5;11;1;6;35;52;30;29
"389";33758;6;"MS3";1;12;NA;"2";"0";1;1;1;1;1;1;1;1;1;1;1;1;1;1;1;1;1;1;1;1;1;1;1;1;1;1;1;1;1;1;1;1;1;0;1;1;1;0;1;1;1;1;1;0;1;1;1;1;0;1;1;1;1;1;1;1;1;1;1;1;1;1;1;1;1;1;1;1;1;0;1;1;1;1;1;1;1;1;1;0;0;1;1;1;0;1;1;0;1;NA;NA;NA;NA;NA;NA;NA;NA;NA;NA;NA;1;1;1;1;1;1;1;1;1;1;1;1;1;1;1;1;1;1;1;1;1;1;1;1;1;1;1;1;1;1;1;1;1;1;1;1;1;1;1;1;1;1;1;1;1;1;1;1;0;1;1;1;31;51;30;19;4;1;0;5;35;52;30;24
"390";33757;7;"MS3";0;12;NA;"2";"0";1;1;1;0;1;0;0;0;1;0;0;1;1;0;1;0;0;1;0;0;0;1;0;0;0;0;1;1;1;0;1;0;1;0;1;1;1;0;1;1;0;1;0;0;0;0;1;0;1;0;1;1;1;1;0;1;0;1;1;1;1;0;1;1;NA;0;0;0;1;0;0;0;0;0;1;0;1;0;0;0;0;1;0;0;1;0;0;0;0;0;0;1;0;0;1;0;1;0;0;0;NA;1;1;1;0;0;1;0;NA;NA;1;NA;1;1;0;NA;NA;0;1;NA;NA;NA;1;NA;1;NA;NA;0;0;1;1;NA;NA;1;1;NA;NA;1;NA;0;NA;NA;0;NA;NA;0;NA;0;1;1;0;0;21;17;13;8;13;13;17;27;34;30;30;35
"391";33755;6;"MS3";2;12;NA;"2";"0";0;1;0;0;1;0;0;0;0;0;1;1;0;0;0;0;0;0;0;0;0;0;1;1;0;0;1;0;1;0;1;0;1;1;0;1;0;1;1;1;0;1;0;0;0;0;0;0;0;0;0;1;1;1;0;0;0;1;1;0;NA;NA;NA;NA;NA;1;0;0;0;0;0;0;1;0;1;0;0;1;0;0;1;1;0;0;0;0;0;0;1;1;0;1;0;0;0;0;1;0;0;0;1;0;NA;1;0;0;0;NA;1;1;0;0;1;1;1;0;0;0;1;1;1;0;NA;0;1;0;1;0;0;NA;1;0;1;1;0;0;NA;1;0;NA;0;0;1;1;0;0;1;1;1;1;0;0;13;22;8;10;17;24;22;25;30;46;30;35
"392";32492;2;"3";1;8;"0";"2";"0";0;0;1;0;1;1;0;1;1;0;0;0;1;0;0;0;1;0;1;0;1;1;0;1;1;0;0;0;0;0;1;0;0;0;0;1;1;0;1;0;1;0;0;0;1;0;1;0;NA;NA;NA;NA;NA;NA;NA;NA;NA;NA;NA;NA;NA;NA;NA;NA;NA;NA;NA;NA;NA;NA;NA;NA;NA;NA;NA;NA;NA;NA;NA;NA;NA;NA;NA;NA;NA;NA;NA;NA;NA;NA;NA;NA;NA;NA;NA;NA;NA;NA;NA;NA;NA;NA;NA;1;NA;1;NA;NA;NA;NA;NA;NA;NA;NA;NA;1;0;NA;1;1;1;1;0;1;0;NA;NA;NA;NA;NA;NA;NA;NA;NA;NA;NA;0;NA;1;NA;NA;NA;1;0;NA;NA;NA;NA;NA;NA;NA;0;7;10;12;0;11;6;18;0;18;16;30;0
"393";32490;3;"3";1;10;"0";"2";"0";1;0;1;0;0;0;0;0;1;0;0;0;0;0;0;0;0;0;0;1;1;0;1;0;1;1;0;0;1;0;1;0;1;0;0;0;1;0;1;0;0;1;0;0;1;1;0;0;1;NA;NA;NA;NA;NA;NA;NA;NA;NA;NA;NA;NA;NA;NA;NA;NA;NA;NA;NA;NA;NA;NA;NA;NA;NA;NA;NA;NA;NA;NA;NA;NA;NA;NA;NA;NA;NA;NA;NA;NA;NA;NA;NA;NA;NA;NA;NA;NA;NA;NA;NA;NA;NA;1;NA;0;NA;NA;NA;NA;NA;0;NA;NA;NA;NA;0;NA;NA;1;1;NA;NA;NA;NA;NA;1;NA;NA;NA;0;NA;NA;1;NA;NA;NA;NA;NA;NA;NA;NA;NA;NA;NA;NA;NA;NA;NA;NA;NA;1;NA;8;6;9;0;11;4;21;0;19;10;30;0
"394";33006;NA;"MS2";NA;12;"0";"2";"0";0;1;0;0;0;0;0;0;1;0;0;0;1;0;1;1;0;0;0;0;0;0;1;0;0;0;1;1;0;0;1;0;1;1;1;1;1;1;1;0;1;1;NA;NA;NA;NA;NA;NA;NA;NA;NA;NA;NA;NA;NA;NA;NA;NA;NA;NA;NA;NA;NA;NA;NA;NA;NA;NA;NA;NA;NA;NA;NA;NA;NA;NA;NA;NA;NA;NA;NA;NA;NA;NA;NA;NA;NA;NA;NA;NA;NA;NA;NA;NA;NA;NA;NA;NA;NA;NA;NA;NA;1;1;NA;NA;NA;NA;NA;1;NA;1;NA;NA;NA;NA;NA;0;NA;NA;NA;NA;NA;0;NA;1;NA;NA;NA;0;NA;NA;NA;NA;NA;NA;NA;1;NA;0;0;NA;NA;NA;NA;NA;NA;NA;NA;1;NA;NA;10;7;8;0;2;5;22;0;12;12;30;0
"395";33011;8;"MS6";2;NA;NA;"2";"0";1;1;1;1;0;0;0;0;1;0;1;1;1;1;1;0;0;1;1;1;0;1;1;0;0;1;1;1;1;0;1;1;1;1;0;1;1;1;1;NA;NA;NA;NA;NA;NA;NA;NA;NA;NA;NA;NA;NA;NA;NA;NA;NA;NA;NA;NA;NA;NA;NA;NA;NA;NA;NA;NA;NA;NA;NA;NA;NA;NA;NA;NA;NA;NA;NA;NA;NA;NA;NA;NA;NA;NA;NA;NA;NA;NA;NA;NA;NA;NA;NA;NA;NA;NA;NA;NA;NA;NA;NA;NA;0;NA;NA;NA;1;NA;NA;NA;NA;NA;NA;NA;NA;1;NA;NA;1;1;NA;NA;NA;0;NA;NA;NA;NA;1;NA;NA;NA;NA;NA;0;NA;NA;NA;NA;0;NA;NA;NA;1;NA;NA;NA;NA;1;1;NA;8;8;19;0;1;4;11;0;9;12;30;0
"396";33007;9;"MS6";2;NA;NA;"2";"0";0;1;1;0;0;1;1;1;0;0;1;1;1;0;1;1;0;1;1;1;1;0;1;1;1;1;1;1;1;1;1;0;1;1;1;0;1;NA;NA;NA;NA;NA;NA;NA;NA;NA;NA;NA;NA;NA;NA;NA;NA;NA;NA;NA;NA;NA;NA;NA;NA;NA;NA;NA;NA;NA;NA;NA;NA;NA;NA;NA;NA;NA;NA;NA;NA;NA;NA;NA;NA;NA;NA;NA;NA;NA;NA;NA;NA;NA;NA;NA;NA;NA;NA;NA;NA;NA;NA;NA;NA;1;NA;NA;NA;NA;NA;NA;NA;1;NA;NA;0;0;1;NA;1;NA;0;0;NA;NA;1;NA;NA;1;NA;NA;NA;NA;1;NA;NA;NA;NA;NA;NA;NA;1;NA;1;NA;NA;NA;NA;NA;NA;NA;NA;NA;NA;1;5;10;22;0;2;4;8;0;7;14;30;0
"397";33111;4;"4";2;11;NA;"2";"0";1;1;1;1;0;0;1;1;1;0;1;1;1;0;1;1;0;0;1;0;1;0;1;0;0;1;1;1;1;1;1;0;0;0;1;1;0;1;1;0;1;1;0;0;1;0;1;1;0;0;1;1;1;1;0;1;0;1;1;1;0;0;0;0;1;NA;NA;NA;NA;NA;NA;NA;NA;NA;NA;NA;NA;NA;NA;NA;NA;NA;NA;NA;NA;NA;NA;NA;NA;NA;NA;NA;NA;NA;NA;NA;NA;NA;NA;NA;NA;1;NA;1;NA;NA;NA;1;NA;NA;0;NA;NA;NA;NA;NA;NA;0;1;1;NA;1;NA;NA;1;NA;1;NA;NA;NA;NA;NA;NA;1;0;0;1;NA;NA;NA;1;1;1;1;1;NA;1;NA;1;NA;NA;NA;19;17;20;0;16;4;10;0;35;21;30;0
"398";33110;3;"3";2;9;NA;"2";"0";1;1;1;1;1;1;1;1;1;1;1;0;1;1;0;1;0;1;1;1;1;1;1;0;0;1;1;1;1;0;1;0;1;1;0;1;1;1;1;1;1;1;1;0;1;0;1;1;1;0;1;1;1;1;0;NA;NA;NA;NA;NA;NA;NA;NA;NA;NA;NA;NA;NA;NA;NA;NA;NA;NA;NA;NA;NA;NA;NA;NA;NA;NA;NA;NA;NA;NA;NA;NA;NA;NA;NA;NA;NA;NA;NA;NA;NA;NA;NA;NA;NA;1;NA;NA;1;NA;1;1;0;1;1;1;1;1;1;1;1;1;1;1;1;1;1;1;1;0;1;1;1;1;0;1;1;NA;1;1;1;0;1;1;1;NA;1;1;1;1;0;1;1;1;1;1;1;19;42;24;0;6;5;6;0;25;47;30;0
"399";33109;3;"3";2;9;NA;"2";"0";1;0;1;0;0;0;0;0;1;1;1;0;0;0;1;0;0;1;1;0;1;0;1;0;0;1;1;1;0;0;1;0;0;0;0;0;1;0;1;0;0;1;0;0;0;0;1;0;0;0;1;1;0;1;0;0;0;1;NA;NA;NA;NA;NA;NA;NA;NA;NA;NA;NA;NA;NA;NA;NA;NA;NA;NA;NA;NA;NA;NA;NA;NA;NA;NA;NA;NA;NA;NA;NA;NA;NA;NA;NA;NA;NA;NA;NA;NA;NA;NA;NA;0;1;1;NA;NA;NA;NA;1;NA;NA;0;1;1;NA;NA;0;NA;1;NA;NA;0;NA;NA;NA;NA;NA;NA;NA;NA;NA;NA;NA;NA;NA;NA;NA;NA;NA;0;0;NA;NA;1;NA;0;NA;NA;1;NA;0;NA;9;8;13;0;19;8;17;0;28;16;30;0
"400";33747;7;"MS5";NA;13;NA;"2";"0";0;0;0;0;0;0;0;0;0;0;1;1;0;1;1;1;0;0;0;0;0;0;0;0;0;1;0;0;1;0;1;0;1;0;0;1;1;NA;NA;NA;NA;NA;NA;NA;NA;NA;NA;NA;NA;NA;NA;NA;NA;NA;NA;NA;NA;NA;NA;NA;NA;NA;NA;NA;NA;NA;NA;NA;NA;NA;NA;NA;NA;NA;NA;NA;NA;NA;NA;NA;NA;NA;NA;NA;NA;NA;NA;NA;NA;NA;NA;NA;NA;NA;NA;NA;NA;NA;NA;NA;NA;1;NA;1;1;NA;NA;NA;NA;NA;NA;NA;0;NA;NA;NA;NA;NA;NA;NA;NA;NA;NA;NA;NA;NA;NA;NA;NA;NA;NA;1;NA;NA;NA;NA;NA;NA;0;NA;NA;NA;NA;NA;NA;NA;NA;1;NA;NA;NA;NA;4;5;7;0;3;2;23;0;7;7;30;0
